<?xml version="1.0" encoding="UTF-8" standalone="yes"?>
<addon id="resource.images.skinbackgrounds.titanium" name="Skin Backgrounds - Titanium" version="1.0.1" provider-name="marcelveldt">
	<extension point="kodi.resource.images" compile="false" type="skinbackgrounds" />
	<requires>
		<import addon="kodi.resource" version="1.0.0"/>
	</requires>
	<extension point="xbmc.addon.metadata">
		<summary lang="en">Skin Backgrounds Pack - Titanium</summary>
		<description lang="en">Skin Backgrounds Pack - Titanium</description>
		<platform>all</platform>
	</extension>
</addon>
