<?xml version="1.0" encoding="utf-8"?>
<!--Titan-->
<window>
    <defaultcontrol always="true">21</defaultcontrol>
    <controls>
        <!--Dialog Overlay-->
        <include>DialogOverlayExtra</include>
		<include condition="Skin.HasSetting(EnableTouchSupport)">Footer</include>
        <!--Numeric-->
        <control type="group">
            <posx>600</posx>
            <posy>250</posy>
			<width>720</width>
            <height>640</height>
			<include>animation_window_open_close</include>
			<control type="image">
                <!--Panel-->
                <texture border="5">diffuse/panel.png</texture>
				<colordiffuse>$INFO[Skin.String(GeneralPanelsColor)]</colordiffuse>
            </control>
			<control type="image">
                <!--Panel-->
				<bordersize>5</bordersize>
                <texture border="5">diffuse/panel.png</texture>
				<colordiffuse>$INFO[Skin.String(GeneralPanelsColor)]</colordiffuse>
            </control>
            <control type="label" id="1">
                <posx>0</posx>
                <posy>60</posy>
                <width>720</width>
                <height>22</height>
                <align>center</align>
                <include>DialogHeader</include>
            </control>
            <control type="label" id="4">
                <posx>0</posx>
                <posy>100</posy>
                <width>720</width>
                <align>center</align>
                <include>DialogHeader</include>
            </control>
			<control type="group">
				<posx>140</posx>
                <posy>130</posy>
				<!-- First Row -->
				<control type="group">
					<posx>34</posx>
					<posy>50</posy>
					<control type="button" id="17">
						<description>:7: button</description>
						<posx>0</posx>
						<label>$LOCALIZE[12317]</label>
						<onleft>19</onleft>
						<onright>18</onright>
						<onup>23</onup>
						<ondown>14</ondown>
						<include>SmallKey</include>
					</control>
					<control type="button" id="18">
						<description>:8: button</description>
						<posx>120</posx>
						<label>$LOCALIZE[12318]</label>
						<onleft>17</onleft>
						<onright>19</onright>
						<onup>10</onup>
						<ondown>15</ondown>
						<include>SmallKey</include>
					</control>
					<control type="button" id="19">
						<description>:9: button</description>
						<posx>240</posx>
						<label>$LOCALIZE[12319]</label>
						<onleft>18</onleft>
						<onright>17</onright>
						<onup>21</onup>
						<ondown>16</ondown>
						<include>SmallKey</include>
					</control>
				</control>
				<!-- Second Row -->
				<control type="group">
					<posx>34</posx>
					<posy>155</posy>
					<control type="button" id="14">
						<description>:4: button</description>
						<posx>0</posx>
						<label>$LOCALIZE[12314]</label>
						<onleft>16</onleft>
						<onright>15</onright>
						<onup>17</onup>
						<ondown>11</ondown>
						<include>SmallKey</include>
					</control>
					<control type="button" id="15">
						<description>:5: button</description>
						<posx>120</posx>
						<label>$LOCALIZE[12315]</label>
						<onleft>14</onleft>
						<onright>16</onright>
						<onup>18</onup>
						<ondown>12</ondown>
						<include>SmallKey</include>
					</control>
					<control type="button" id="16">
						<description>:6: button</description>
						<posx>240</posx>
						<label>$LOCALIZE[12316]</label>
						<onleft>15</onleft>
						<onright>14</onright>
						<onup>19</onup>
						<ondown>13</ondown>
						<include>SmallKey</include>
					</control>
				</control>
				<!-- Third Row -->
				<control type="group">
					<posx>34</posx>
					<posy>260</posy>
					<control type="button" id="11">
						<description>:1: button</description>
						<posx>0</posx>
						<label>$LOCALIZE[12311]</label>
						<onleft>13</onleft>
						<onright>12</onright>
						<onup>14</onup>
						<ondown>23</ondown>
						<include>SmallKey</include>
					</control>
					<control type="button" id="12">
						<description>:2: button</description>
						<posx>120</posx>
						<label>$LOCALIZE[12312]</label>
						<onleft>11</onleft>
						<onright>13</onright>
						<onup>15</onup>
						<ondown>10</ondown>
						<include>SmallKey</include>
					</control>
					<control type="button" id="13">
						<description>:3: button</description>
						<posx>240</posx>
						<label>$LOCALIZE[12313]</label>
						<onleft>12</onleft>
						<onright>11</onright>
						<onup>16</onup>
						<ondown>21</ondown>
						<include>SmallKey</include>
					</control>
				</control>
				<!-- Fourth Row -->
				<control type="group">
					<posx>34</posx>
					<posy>365</posy>
					<control type="radiobutton" id="23">
						<description>Backspace button</description>
						<onleft>21</onleft>
						<onright>10</onright>
						<onup>11</onup>
						<ondown>17</ondown>
						<include>KeyBack</include>
                        <selected>Control.HasFocus(23)</selected>
					</control>
					<control type="button" id="10">
						<description>:0: button</description>
						<posx>120</posx>
						<label>$LOCALIZE[12310]</label>
						<onleft>23</onleft>
						<onright>21</onright>
						<onup>12</onup>
						<ondown>18</ondown>
						<include>SmallKey</include>
					</control>
					<control type="radiobutton" id="21">
						<description>Done button</description>
						<posx>240</posx>
						<onleft>10</onleft>
						<onright>23</onright>
						<onup>13</onup>
						<ondown>19</ondown>
						<include>KeyDone</include>
                        <selected>Control.HasFocus(21)</selected>
					</control>
				</control>
			</control>
		</control>
    </controls>
</window>