<?xml version="1.0" encoding="utf-8"?>
<!--Titan-->
<window>
    <defaultcontrol>5000</defaultcontrol>
	
	<onunload>ClearProperty(ShowViewSubMenu,home)</onunload>
	<include>allViewIds</include>
    <controls>
        <!--Global Background-->
        <include>GlobalBackground</include>
		
		<!--Header-->
        <include>Header</include>
 		<!--NowPlaying-->
		<include>NowPlayingModern</include>

        <!--PVR Views-->
        <include>allViews</include>

        <!--Sub Menu-->
        <include condition="!Skin.HasSetting(DisableSideBladeIndicator)">SideBladeMenuTabLeft</include>
		<include condition="!Skin.HasSetting(DisableSideBladeIndicator)">SideBladeMenuTabTop</include>
		<include>PVRsideblade</include>
        <include condition="Skin.HasSetting(DebugGrid) | Skin.HasSetting(DebugInfo)">DebugInfo</include>
    </controls>
</window>
		