<shortcuts>
	<shortcut>
		<defaultID>programs</defaultID>
		<label>10001</label>
		<label2 />
		<icon>resource://resource.images.skinicons.wide2/programs.png</icon>
		<thumb />
		<action>ActivateWindow(Programs,Addons,return)</action>
	</shortcut>
	<shortcut>
		<defaultID>1037</defaultID>
		<label>1037</label>
		<label2 />
		<icon>resource://resource.images.skinicons.wide2/videoaddons.png</icon>
		<thumb />
		<action>ActivateWindow(Videos,addons,return)</action>
	</shortcut>
	<shortcut>
		<defaultID>1038</defaultID>
		<label>1038</label>
		<label2 />
		<icon>resource://resource.images.skinicons.wide2/music.png</icon>
		<thumb />
		<action>ActivateWindow(10502,addons://sources/audio/,return)</action>
	</shortcut>
	<shortcut>
		<defaultID>1039</defaultID>
		<label>1039</label>
		<label2 />
		<icon>resource://resource.images.skinicons.wide2/pictures.png</icon>
		<thumb />
		<action>ActivateWindow(Pictures,Addons,return)</action>
	</shortcut>
</shortcuts>
