<?xml version='1.0' encoding='UTF-8'?>
<shortcuts>
	<shortcut>
		<defaultID>32066</defaultID>
		<label>32066</label>
		<label2>Live-TV</label2>
		<icon>DefaultTVShows.png</icon>
		<thumb />
		<action>PlayPvrTV</action>
	</shortcut>
	<shortcut>
		<defaultID>22020</defaultID>
		<label>22020</label>
		<label2>Live TV</label2>
		<icon>resource://resource.images.skinicons.wide2/DefaultTVShows.png</icon>
		<thumb />
		<action>ActivateWindow(TVGuide)</action>
	</shortcut>
	<shortcut>
		<defaultID>19019</defaultID>
		<label>19019</label>
		<label2>Live TV</label2>
		<icon>resource://resource.images.skinicons.wide2/DefaultTVShows.png</icon>
		<thumb />
		<action>ActivateWindow(TVChannels)</action>
	</shortcut>
	<shortcut>
		<defaultID>19163</defaultID>
		<label>19163</label>
		<label2>Live TV</label2>
		<icon>resource://resource.images.skinicons.wide2/DefaultTVShows.png</icon>
		<thumb />
		<action>ActivateWindow(TVRecordings)</action>
	</shortcut>
	<shortcut>
		<defaultID>19040</defaultID>
		<label>19040</label>
		<label2>Live TV</label2>
		<icon>resource://resource.images.skinicons.wide2/DefaultTVShows.png</icon>
		<thumb />
		<action>ActivateWindow(TVTimers)</action>
	</shortcut>
	<shortcut>
		<defaultID>137</defaultID>
		<label>137</label>
		<label2>Live TV</label2>
		<icon>resource://resource.images.skinicons.wide2/DefaultTVShows.png</icon>
		<thumb />
		<action>ActivateWindow(TVSearch)</action>
	</shortcut>
</shortcuts>
