<shortcuts>
	<shortcut>
		<defaultID>livetv</defaultID>
		<label>32022</label>
		<label2>TV</label2>
		<icon>resource://resource.images.skinicons.wide/livetv.png</icon>
		<thumb>special://home/addons/resource.images.skinicons.wide/resources/tvrecordings.png</thumb>
		<action>ActivateWindow(TVGuide)</action>
		</shortcut>
	<shortcut>
		<defaultID>mediathek</defaultID>
		<label>Mediathek</label>
		<label2>Benutzerdefinierte Einträge</label2>
		<icon>special://home/addons/resource.images.skinicons.wide/resources/videoaddons.png</icon>
		<thumb>special://home/addons/resource.images.skinicons.wide/resources/videoaddons.png</thumb>
		<action>ActivateWindow(1108)</action>
		</shortcut>
	<shortcut>
		<defaultID>movies</defaultID>
		<label>342</label>
		<label2>Filme</label2>
		<icon>resource://resource.images.skinicons.wide/titan.png</icon>
		<thumb>special://home/addons/resource.images.skinicons.wide/resources/movies.png</thumb>
		<action>ActivateWindow(10025,videodb://movies/titles/,return)</action>
		</shortcut>
	<shortcut>
		<defaultID>tvshows</defaultID>
		<label>20343</label>
		<label2>Serien</label2>
		<icon>DefaultFolder.png</icon>
		<thumb>special://home/addons/resource.images.skinicons.wide/resources/tvseries.png</thumb>
		<action>ActivateWindow(10025,videodb://tvshows/titles/,return)</action>
		</shortcut>
	<shortcut>
		<defaultID>music</defaultID>
		<label>10005</label>
		<label2>Musik</label2>
		<icon>resource://resource.images.skinicons.wide/music.png</icon>
		<thumb>special://home/addons/resource.images.skinicons.wide/resources/music.png</thumb>
		<action>ActivateWindow(10502,return)</action>
		</shortcut>
	<shortcut>
		<defaultID>musicvideos</defaultID>
		<label>20389</label>
		<label2>Benutzerdefinierte Einträge</label2>
		<icon>resource://resource.images.skinbackgrounds.titanium/hover_my music.jpg</icon>
		<thumb>$INFO[Window(Home).Property(SkinHelper.AllMusicVideosBackground)]</thumb>
		<action>ActivateWindow(10025,videodb://musicvideos/titles/,return)</action>
		</shortcut>
	<shortcut>
		<defaultID>radio</defaultID>
		<label>19021</label>
		<label2 />
		<icon>resource://resource.images.skinicons.wide/radio.png</icon>
		<thumb />
		<action>ActivateWindow(radiochannels,return)</action>
		</shortcut>
	<shortcut>
		<defaultID>script.globalsearch</defaultID>
		<label>Search</label>
		<label2>Benutzerdefinierte Einträge</label2>
		<icon>special://home/addons/resource.images.skinicons.wide/resources/programs.png</icon>
		<thumb>special://home/addons/resource.images.skinicons.wide/resources/programs.png</thumb>
		<action>ActivateWindow(1107)</action>
		</shortcut>
	<shortcut>
		<defaultID>weather</defaultID>
		<label>12600</label>
		<label2>Wetter</label2>
		<icon>resource://resource.images.skinicons.wide/weather.png</icon>
		<thumb>special://home/addons/resource.images.skinicons.wide/resources/weather.png</thumb>
		<action>ActivateWindow(Weather)</action>
		</shortcut>
	<shortcut>
		<defaultID>pictures</defaultID>
		<label>10002</label>
		<label2>Bilder</label2>
		<icon>resource://resource.images.skinicons.wide/pictures.png</icon>
		<thumb>special://home/addons/resource.images.skinicons.wide/resources/pictures.png</thumb>
		<action>ActivateWindow(pictures,return)</action>
		<visible>!Skin.HasSetting(HomeMenuUsePlexforPictures)</visible>
		</shortcut>
	<shortcut>
		<defaultID>videos</defaultID>
		<label>Videos</label>
		<label2 />
		<icon>resource://resource.images.skinicons.wide/pictures.png</icon>
		<thumb />
		<action>ActivateWindow(Videos,return)</action>
		</shortcut>
	<shortcut>
		<defaultID>games</defaultID>
		<label>Games</label>
		<label2>Games</label2>
		<icon>resource://resource.images.skinicons.wide/livetv.png</icon>
		<thumb>resource://resource.images.skinicons.wide/livetv.png</thumb>
		<action>ActivateWindow(Games,return)</action>
		</shortcut>
	<shortcut>
		<defaultID>addons</defaultID>
		<label>10040</label>
		<label2>Addon-Browser</label2>
		<icon>resource://resource.images.skinicons.wide/addons.png</icon>
		<thumb />
		<action>ActivateWindow(Programs,Addons,return)</action>
		</shortcut>
	<shortcut>
		<defaultID>favorites</defaultID>
		<label>Favorites</label>
		<label2 />
		<icon>special://home/addons/resource.images.skinicons.wide/resources/favourites.png</icon>
		<thumb>special://home/addons/resource.images.skinicons.wide/resources/favourites.png</thumb>
		<action>ActivateWindow(favouritesbrowser)</action>
		</shortcut>
	<shortcut>
		<defaultID>dvd</defaultID>
		<label>32032</label>
		<label2>playdvd</label2>
		<icon>special://home/addons/resource.images.skinicons.wide/resources/videos.png</icon>
		<thumb>special://home/addons/resource.images.skinicons.wide/resources/videos.png</thumb>
		<action>PlayDVD()</action>
		</shortcut>
	<shortcut>
		<defaultID>settings</defaultID>
		<label>10004</label>
		<label2>Einstellungen</label2>
		<icon>resource://resource.images.skinicons.wide/settings.png</icon>
		<thumb />
		<action>ActivateWindow(Settings)</action>
		</shortcut>
	</shortcuts>
