<?xml version="1.0" encoding="utf-8"?>
<window type="buttonMenu">
	<defaultcontrol>9000</defaultcontrol>
	<include>Animation_DialogPopupOpenClose</include>
	<allowoverlay>yes</allowoverlay>
	<coordinates>
		<system>1</system>
		<posx>0</posx>
		<posy>0</posy>
	</coordinates>
	<controls>
		<control type="image">
			<left>-1920</left>
			<top>-1080</top>
			<width>5760</width>
			<height>3240</height>
			<animation effect="fade" start="0" end="100" time="300">WindowOpen</animation>
			<animation effect="fade" start="100" end="0" time="200">WindowClose</animation>
			<texture colordiffuse="B0FFFFFF">colors/black.png</texture>
		</control>
		<control type="grouplist" id="9000">
			<centerleft>50%</centerleft>
			<centertop>50%</centertop>
			<width>600</width>
			<height>780</height>
			<onleft>9000</onleft>
			<onright>9000</onright>
			<onup>9000</onup>
			<ondown>9000</ondown>
			<itemgap>0</itemgap>
			<align>center</align>
			<control type="button" id="2">
				<description>Resume button</description>
				<width>600</width>
				<height>70</height>
				<textoffsetx>20</textoffsetx>
				<align>center</align>
				<textwidth>590</textwidth>
				<pulseonselect>no</pulseonselect>
				<label>$ADDON[script.videoextras 32104]</label>
				<texturefocus colordiffuse="button_focus">lists/focus.png</texturefocus>
				<texturenofocus colordiffuse="dialog_tint">colors/white.png</texturenofocus>
			</control>
			<control type="button" id="40">
				<description>Start from beginning button</description>
				<width>600</width>
				<height>70</height>
				<textoffsetx>20</textoffsetx>
				<align>center</align>
				<textwidth>590</textwidth>
				<pulseonselect>no</pulseonselect>
				<label>$ADDON[script.videoextras 32105]</label>
				<texturefocus colordiffuse="button_focus">lists/focus.png</texturefocus>
				<texturenofocus colordiffuse="dialog_tint">colors/white.png</texturenofocus>
			</control>
			<control type="button" id="41">
				<description>Mark as watched</description>
				<width>600</width>
				<height>70</height>
				<textoffsetx>20</textoffsetx>
				<align>center</align>
				<textwidth>590</textwidth>
				<pulseonselect>no</pulseonselect>
				<label>$ADDON[script.videoextras 32106]</label>
				<texturefocus colordiffuse="button_focus">lists/focus.png</texturefocus>
				<texturenofocus colordiffuse="dialog_tint">colors/white.png</texturenofocus>
			</control>
			<control type="button" id="42">
				<description>Mark as unwatched</description>
				<width>600</width>
				<height>70</height>
				<textoffsetx>20</textoffsetx>
				<align>center</align>
				<textwidth>590</textwidth>
				<pulseonselect>no</pulseonselect>
				<label>$ADDON[script.videoextras 32107]</label>
				<texturefocus colordiffuse="button_focus">lists/focus.png</texturefocus>
				<texturenofocus colordiffuse="dialog_tint">colors/white.png</texturenofocus>
			</control>
			<control type="button" id="43">
				<description>Edit title</description>
				<width>600</width>
				<height>70</height>
				<textoffsetx>20</textoffsetx>
				<align>center</align>
				<textwidth>590</textwidth>
				<pulseonselect>no</pulseonselect>
				<label>$ADDON[script.videoextras 32108]</label>
				<texturefocus colordiffuse="button_focus">lists/focus.png</texturefocus>
				<texturenofocus colordiffuse="dialog_tint">colors/white.png</texturenofocus>
			</control>
			<control type="button" id="44">
				<description>Edit plot</description>
				<width>600</width>
				<height>70</height>
				<textoffsetx>20</textoffsetx>
				<align>center</align>
				<textwidth>590</textwidth>
				<pulseonselect>no</pulseonselect>
				<label>$ADDON[script.videoextras 32114]</label>
				<texturefocus colordiffuse="button_focus">lists/focus.png</texturefocus>
				<texturenofocus colordiffuse="dialog_tint">colors/white.png</texturenofocus>
			</control>
		</control>
	</controls>
</window>
