<?xml version="1.0" encoding="utf-8"?>
<window type="dialog" id="1125">
<!--Titan-->
	
    <defaultcontrol always="true">5000</defaultcontrol>
    <controls>
        <!--Dialog Overlay-->
		<control type="group">
			<visible>!Window.IsActive(fullscreenvideo)</visible>
			<include>DialogOverlayExtra</include>
			<animation effect="fade" time="250" start="0" end="100" reversible="false">WindowOpen</animation>
        </control>

        <control type="group">
			<animation effect="fade" end="0" time="0" reversible="false" condition="Window.IsVisible(yesnodialog) | Window.IsVisible(addonsettings)">Conditional</animation>
            <visible>!Window.IsActive(sliderdialog) + !Window.IsActive(subtitlesearch) + !Window.IsActive(script.pseudotv.TVOverlay.xml)</visible>
			<visible>!Window.IsActive(DialogSettings.xml) + !Window.IsActive(DialogSlider.xml) + !Window.IsActive(GameVideoFilter) + !Window.IsActive(GameStretchMode) + !Window.IsActive(GameControllers) + !Window.IsActive(GameVideoRotation)</visible>
			<animation type="WindowOpen">
				<effect type="slide" start="1200" end="0" time="250" tween="cubic" easing="inout" />
			</animation>
			<animation type="WindowClose">
				<effect type="slide" start="0" end="1200" time="250" tween="cubic" easing="inout" />
			</animation>
            <!--Panel-->
             <!--Panel-->
            <control type="image">
                <posx>630</posx>
                <posy>0</posy>
                <width>1340</width>
                <height>100%</height>
				<texture border="15">diffuse/bgpanel.png</texture>
				<colordiffuse>$INFO[Skin.String(GeneralPanelsColor)]</colordiffuse>
            </control>
            <!-- close dialog -->
            <control type="group">
                <include>animation_fade_visible_hidden</include>
                <right>60</right>
                <width>60</width>
                <posy>40</posy>
                <include condition="Skin.HasSetting(EnableTouchSupport)">close_button</include>
            </control>
			
           <!--Header-->
            <control type="label">
                <description>Heading</description>
                <posx>700</posx>
                <posy>10</posy>
                <width>1200</width>
				<font>Bold45</font>
				<textcolor>$INFO[Skin.String(GeneralHighlightTextColor)]</textcolor>
                <align>left</align>
				<height>100</height>
				<label>$LOCALIZE[5]</label>
            </control>
            
            <control type="image">
                <posx>680</posx>
                <posy>220</posy>
                <width>1200</width>
                <height>670</height>
                <texture border="5">dialogs/default/inner.png</texture>
            </control>
             
			<control type="group" id="11000">
                <description>Control Area</description>
                <posx>680</posx>
                <posy>230</posy>
                <width>1200</width>
                <height>660</height>
                <orientation>vertical</orientation>
                <itemgap>0</itemgap>
                <onup>11000</onup>
                <ondown>11000</ondown>
                <onleft>30</onleft>
                <onright>30</onright>
                <scrolltime tween="cubic" easing="out">500</scrolltime>
				<control type="grouplist" id="5000">
					<control type="button" id="5099">
						<description>button template</description>
						<width>1200</width>
						<height>60</height>
						<align>left</align>
						<textoffsetx>20</textoffsetx>
						<texturenofocus>dialogs/default/separator.png</texturenofocus>
						<include>DialogButton</include>
						<onleft>8002</onleft>
						<onright>8002</onright>
						<label>Fanart</label>
						<label2>$INFO[Skin.String(MusicArtistFanart.label)]</label2>
						<onclick>RunScript(script.skin.helper.service,action=setskinsetting,setting=MusicArtistFanart,header=$LOCALIZE[31341])</onclick>
					</control>
					<control type="button" id="5004">
						<description>button template</description>
						<width>1200</width>
						<height>60</height>
						<align>left</align>
						<textoffsetx>20</textoffsetx>
						<texturenofocus>dialogs/default/separator.png</texturenofocus>
						<include>DialogButton</include>
						<onleft>8002</onleft>
						<onright>8002</onright>
						<label>$LOCALIZE[250]</label>
						<label2>[B]$INFO[Visualisation.Name][/B]</label2>
						<!-- <onclick>Dialog.Close(all)</onclick> -->
						<onclick>SendClick(500)</onclick>
					</control>
					<control type="button" id="5005">
						<description>button template</description>
						<width>1200</width>
						<height>60</height>
						<align>left</align>
						<textoffsetx>20</textoffsetx>
						<texturenofocus>dialogs/default/separator.png</texturenofocus>
						<include>DialogButton</include>
						<onleft>8002</onleft>
						<onright>8002</onright>
						<label>$LOCALIZE[70005]</label>
						<onclick>Addon.Default.OpenSettings(xbmc.player.musicviz)</onclick>
					</control>
					<control type="button" id="5006">
						<description>button template</description>
						<width>1200</width>
						<height>60</height>
						<align>left</align>
						<textoffsetx>20</textoffsetx>
						<texturenofocus>dialogs/default/separator.png</texturenofocus>
						<include>DialogButton</include>
						<onleft>8002</onleft>
						<onright>8002</onright>
						<label>$LOCALIZE[70006]</label>
						<onclick>ActivateWindow(visualisationpresetlist)</onclick>
						<visible>Visualisation.HasPresets</visible>
					</control>
					<control type="button" id="5007">
						<description>button template</description>
						<width>1200</width>
						<height>60</height>
						<align>left</align>
						<textoffsetx>20</textoffsetx>
						<texturenofocus>dialogs/default/separator.png</texturenofocus>
						<include>DialogButton</include>
						<onleft>8002</onleft>
						<onright>8002</onright>
						<label>$LOCALIZE[70007]</label>
						<label2>[B]$INFO[Skin.String(LyricScript_Path)][/B]</label2>
						<onclick>Skin.SetAddon(LyricScript_Path,xbmc.python.lyrics)</onclick>
					</control>
					<control type="button" id="5008">
						<description>button template</description>
						<width>1200</width>
						<height>60</height>
						<align>left</align>
						<textoffsetx>20</textoffsetx>
						<texturenofocus>dialogs/default/separator.png</texturenofocus>
						<include>DialogButton</include>
						<onleft>8002</onleft>
						<onright>8002</onright>
						<label>$LOCALIZE[70008]</label>
						<onclick>Addon.OpenSettings($INFO[Skin.String(LyricScript_Path)])</onclick>
						<visible>!String.IsEmpty(Skin.String(LyricScript_Path))</visible>
					</control>
				</control>


		    </control>	
			
            <!--Button Group-->
            <control type="grouplist" id="8002">
                <posx>680</posx>
                <posy>940</posy>
				<orientation>horizontal</orientation>
				<itemgap>20</itemgap>
				<onup>11000</onup>
			<!--	<control type="button" id="28">
                    <description>OK</description>
                    <label>186</label>
                    <include>DialogButtonOther</include>
                    <animation effect="fade" start="100" end="75" time="0" condition="!Control.IsEnabled(28)">Conditional</animation>
                </control>
                <control type="button" id="29">
                    <posx>200</posx>
                    <description>Cancel</description>
                    <label>$LOCALIZE[222]</label>
					<include>DialogButtonOther</include>
                    <animation effect="fade" start="100" end="75" time="0" condition="!Control.IsEnabled(29)">Conditional</animation>
                </control> -->
				<control type="button" id="30">
                    <posx>740</posx>
                    <description>Clear</description>
                    <label>$LOCALIZE[31308]</label>
					<include>DialogButtonOther</include>
					<onclick>Action(close)</onclick>
     
                </control>

			</control>
		</control>
    </controls>
</window>