<?xml version="1.0" encoding="UTF-8"?>
<window>
	<defaultcontrol always="true">9000</defaultcontrol>
	<!-- <<onunload>ClearProperty(ShowViewSubMenu,home)</onunload> -->
	<controls>
		<control type="group">
			<animation effect="fade" start="0" end="100" time="100">WindowOpen</animation>
			<animation effect="fade" start="100" end="0" time="100">WindowClose</animation>
			<animation effect="fade" start="100" end="75" time="0" condition="true">Conditional</animation>
			<!--Dialog Overlay-->
			<include>DialogOverlayExtra</include>
		</control>
		<control type="group">
			<centertop>50%</centertop>
			<height>1000</height>
			<centerleft>50%</centerleft>
			<width>1280</width>

			<control type="group">
                <control type="image">
					<!-- <height>800</height> -->
                    <texture border="15">diffuse/bgpanel.png</texture>
					<colordiffuse>$INFO[Skin.String(GeneralPanelsColor)]</colordiffuse>
                </control>
				<control type="image">
					<!-- <height>800</height> -->
                    <texture border="15">diffuse/bgpanel.png</texture>
					<bordersize>10</bordersize>
					<colordiffuse>$INFO[Skin.String(GeneralPanelsColor)]</colordiffuse>
                </control>
			</control>
			
			<!-- close dialog -->
            <control type="group">
                <include>animation_fade_visible_hidden</include>
                <right>50</right>
                <width>50</width>
                <posy>40</posy>
                <include condition="Skin.HasSetting(EnableTouchSupport)">close_button</include>
            </control>
			
			<control type="image">
				<left>30</left>
				<top>120</top>
				<width>600</width>
				<height>350</height>
				<texture border="15">diffuse/bgpanel.png</texture>
				<colordiffuse>$INFO[Skin.String(ButtonColor)]</colordiffuse>
			</control>
			<control type="label">
				<left>40</left>
				<top>130</top>
				<width>600</width>
				<height>35</height>
				<align>center</align>
				<textcolor>$INFO[Skin.String(GeneralHighlightTextColor)]</textcolor>
				<font>font24_title</font>
				<label>$LOCALIZE[179]</label>
			</control>
			<control type="grouplist">
				<left>40</left>
				<top>170</top>
				<width>580</width>
				<height>300</height>
				<orientation>vertical</orientation>
				<itemgap>5</itemgap>
				<include content="RDSInfoLine">
					<param name="label" value="$LOCALIZE[29901]"/>
					<param name="value" value="RDS.Band" />
				</include>
				<include content="RDSInfoLine">
					<param name="label" value="$LOCALIZE[557]"/>
					<param name="value" value="RDS.Artist" />
				</include>
				<include content="RDSInfoLine">
					<param name="label" value="$LOCALIZE[556]"/>
					<param name="value" value="RDS.Title" />
				</include>
				<include content="RDSInfoLine">
					<param name="label" value="$LOCALIZE[29903]"/>
					<param name="value" value="RDS.Composer" />
				</include>
				<include content="RDSInfoLine">
					<param name="label" value="$LOCALIZE[29905]"/>
					<param name="value" value="RDS.Conductor" />
				</include>
				<include content="RDSInfoLine">
					<param name="label" value="$LOCALIZE[558]"/>
					<param name="value" value="RDS.Album" />
				</include>
				<include content="RDSInfoLine">
					<param name="label" value="$LOCALIZE[569]"/>
					<param name="value" value="RDS.Comment" />
				</include>
			</control>

			<control type="image">
				<left>30</left>
				<top>490</top>
				<width>600</width>
				<height>180</height>
				<texture border="15">diffuse/bgpanel.png</texture>
				<colordiffuse>$INFO[Skin.String(ButtonColor)]</colordiffuse>
			</control>
			<control type="label">
				<left>40</left>
				<top>500</top>
				<width>600</width>
				<height>35</height>
				<align>center</align>
				<textcolor>$INFO[Skin.String(GeneralHighlightTextColor)]</textcolor>
				<font>font24_title</font>
				<label>$LOCALIZE[29909]</label>
			</control>
			<control type="grouplist">
				<left>40</left>
				<top>540</top>
				<width>580</width>
				<height>130</height>
				<orientation>vertical</orientation>
				<include content="RDSInfoLine">
					<param name="label" value="$LOCALIZE[29910]"/>
					<param name="value" value="RDS.PhoneStudio" />
				</include>
				<include content="RDSInfoLine">
					<param name="label" value="$LOCALIZE[29911]"/>
					<param name="value" value="RDS.EmailStudio" />
				</include>
				<include content="RDSInfoLine">
					<param name="label" value="$LOCALIZE[29912]"/>
					<param name="value" value="RDS.SMSStudio" />
				</include>
			</control>

			<control type="image">
				<left>650</left>
				<top>120</top>
				<width>600</width>
				<height>350</height>
				<texture border="15">diffuse/bgpanel.png</texture>
				<colordiffuse>$INFO[Skin.String(ButtonColor)]</colordiffuse>
			</control>
			<control type="label">
				<left>660</left>
				<top>130</top>
				<width>600</width>
				<height>35</height>
				<align>center</align>
				<textcolor>$INFO[Skin.String(GeneralHighlightTextColor)]</textcolor>
				<font>font24_title</font>
				<label>$LOCALIZE[29908]</label>
			</control>
			<control type="grouplist">
				<left>660</left>
				<top>170</top>
				<width>580</width>
				<height>300</height>
				<itemgap>5</itemgap>
				<orientation>vertical</orientation>
				<include content="RDSInfoLine">
					<param name="label" value="$LOCALIZE[19030]"/>
					<param name="value" value="RDS.ProgNow" />
				</include>
				<include content="RDSInfoLine">
					<param name="label" value="$LOCALIZE[19031]"/>
					<param name="value" value="RDS.ProgNext" />
				</include>
				<include content="RDSInfoLine">
					<param name="label" value="$LOCALIZE[29902]"/>
					<param name="value" value="RDS.ProgStyle" />
				</include>
				<include content="RDSInfoLine">
					<param name="label" value="$LOCALIZE[19148]"/>
					<param name="value" value="RDS.ProgStation" />
				</include>
				<include content="RDSInfoLine">
					<param name="label" value="$LOCALIZE[29906]"/>
					<param name="value" value="RDS.ProgHost" />
				</include>
				<include content="RDSInfoLine">
					<param name="label" value="$LOCALIZE[29907]"/>
					<param name="value" value="RDS.ProgEditStaff" />
				</include>
				<include content="RDSInfoLine">
					<param name="label" value="$LOCALIZE[29914]"/>
					<param name="value" value="RDS.ProgHomepage" />
				</include>
			</control>

			<control type="image">
				<left>650</left>
				<top>490</top>
				<width>600</width>
				<height>180</height>
				<texture border="15">diffuse/bgpanel.png</texture>
				<colordiffuse>$INFO[Skin.String(ButtonColor)]</colordiffuse>
			</control>
			<control type="label">
				<left>660</left>
				<top>500</top>
				<width>600</width>
				<height>35</height>
				<align>center</align>
				<textcolor>$INFO[Skin.String(GeneralHighlightTextColor)]</textcolor>
				<font>font24_title</font>
				<label>$LOCALIZE[29913]</label>
			</control>
			<control type="grouplist">
				<left>660</left>
				<top>540</top>
				<width>580</width>
				<height>130</height>
				<orientation>vertical</orientation>
				<include content="RDSInfoLine">
					<param name="label" value="$LOCALIZE[29910]"/>
					<param name="value" value="RDS.PhoneHotline" />
				</include>
				<include content="RDSInfoLine">
					<param name="label" value="$LOCALIZE[29911]"/>
					<param name="value" value="RDS.EmailHotline" />
				</include>
			</control>

			<control type="image">
				<left>30</left>
				<top>690</top>
				<width>600</width>
				<height>260</height>
				<texture border="15">diffuse/bgpanel.png</texture>
				<colordiffuse>$INFO[Skin.String(ButtonColor)]</colordiffuse>
			</control>
			<control type="group">
				<left>40</left>
				<top>700</top>
				<control type="label">
					<width>600</width>
					<height>35</height>
					<align>center</align>
					<textcolor>$INFO[Skin.String(GeneralHighlightTextColor)]</textcolor>
					<font>font24_title</font>
					<label>$LOCALIZE[29915]</label>
				</control>
				<control type="textbox">
					<top>740</top>
					<width>580</width>
					<height>170</height>
					<align>justify</align>
					<label>$INFO[RDS.InfoNews,[COLOR white]$LOCALIZE[29916]:[/COLOR] ,[CR]]$INFO[RDS.InfoNewsLocal,[COLOR white]$LOCALIZE[29917]:[/COLOR] ,[CR]]$INFO[RDS.InfoStock,[COLOR white]$LOCALIZE[29920]:[/COLOR] ,[CR]]$INFO[RDS.InfoSport,[COLOR white]$LOCALIZE[29918]:[/COLOR] ,[CR]]$INFO[RDS.Infolottery,[COLOR white]$LOCALIZE[29919]:[/COLOR] ,[CR]]$INFO[RDS.InfoWeather,[COLOR white]$LOCALIZE[400]:[/COLOR] ,[CR]]$INFO[RDS.InfoCinema,$[COLOR white]LOCALIZE[19602]:[/COLOR] ,[CR]]$INFO[RDS.InfoHoroscope,[COLOR white]$LOCALIZE[29922]:[/COLOR] ,[CR]]$INFO[RDS.InfoOther,[COLOR white]$LOCALIZE[29921]:[/COLOR] ,[CR]]</label>
					<autoscroll delay="5000" time="3000" repeat="10000">true</autoscroll>
				</control>
			</control>

			<control type="image">
				<left>650</left>
				<top>690</top>
				<width>600</width>
				<height>260</height>
				<texture border="15">diffuse/bgpanel.png</texture>
				<colordiffuse>$INFO[Skin.String(ButtonColor)]</colordiffuse>
			</control>
			<control type="group">
				<left>660</left>
				<top>700</top>
				<control type="label">
					<width>580</width>
					<height>35</height>
					<align>center</align>
					<textcolor>$INFO[Skin.String(GeneralHighlightTextColor)]</textcolor>
					<font>font24_title</font>
					<label>$LOCALIZE[14304]</label>
				</control>
				<control type="label">
					<top>50</top>
					<width>580</width>
					<height>40</height>
					<aligny>center</aligny>
					<label>$INFO[RDS.GetLine(3)]</label>
					<scroll>true</scroll>
					<textcolor>$INFO[Skin.String(GeneralTextColor)]</textcolor>
				</control>
				<control type="label">
					<top>90</top>
					<width>580</width>
					<height>40</height>
					<aligny>center</aligny>
					<label>$INFO[RDS.GetLine(2)]</label>
					<scroll>true</scroll>
					<textcolor>$INFO[Skin.String(GeneralTextColor)]</textcolor>
				</control>
				<control type="label">
					<top>130</top>
					<width>580</width>
					<height>40</height>
					<aligny>center</aligny>
					<label>$INFO[RDS.GetLine(1)]</label>
					<scroll>true</scroll>
					<textcolor>$INFO[Skin.String(GeneralTextColor)]</textcolor>
				</control>
				<control type="label">
					<top>170</top>
					<width>580</width>
					<height>40</height>
					<aligny>center</aligny>
					<label>$INFO[RDS.GetLine(0)]</label>
					<scroll>true</scroll>
					<textcolor>$INFO[Skin.String(GeneralTextColor)]</textcolor>
				</control>
			</control>

			<include content="InfoDialogTopBarInfo">
				<param name="main_label" value="$LOCALIZE[29900]" />
				<param name="sub_label" value="$VAR[RDSInfoSubTitle]" />
				<param name="posy" value="-20" />
			</include>
		</control>
	</controls>
</window>
