<?xml version="1.0" encoding="utf-8"?>
<!--Titan-->
<window>
    <defaultcontrol always="true">5000</defaultcontrol>
	
	<onunload>ClearProperty(ShowViewSubMenu,home)</onunload>
    <include>allViewIds</include>
    <controls>
        <!--Music Background-->
        <include>GlobalBackground</include>
		

		 <!--Header-->
        <include>Header</include>
 		<!--NowPlaying-->
		<include>NowPlayingModern</include>
		
		
		<!-- all Views -->
        <include>allViews</include>
		
        <!--Sub Menu Tab Left-->
        <include condition="!Skin.HasSetting(DisableSideBladeIndicator)">SideBladeMenuTabLeft</include>
        <!--Sub Menu Tab Top-->
        <include condition="!Skin.HasSetting(DisableSideBladeIndicator)">SideBladeMenuTabTop</include>
        <!--Sub Menu-->
        <control type="group">
            <include condition="Skin.HasSetting(smallContextMenu)">SideBladeClassic</include>
			<include condition="![Skin.HasSetting(smallContextMenu)]">SideBladeModern</include>
            <control type="button" id="3">
				<description>Viewtype Toggle</description>
				<include>HiddenObject</include>
			</control>
			<control type="togglebutton" id="4">
				<description>Viewtype Toggle</description>
				<include>HiddenObject</include>
			</control>
			<!--Grouplist 9000-->
            <control type="grouplist" id="9000">
                <posx>21</posx>
                <posy>185</posy>
                <width>458</width>
                <height>770</height>
                <itemgap>3</itemgap>
                <onleft>5000</onleft>
                <onright>5000</onright>
				<visible>!Skin.HasSetting(KioskMode.Enabled)</visible>
				<onright>ClearProperty(ShowViewSubMenu,home)</onright>
				<onleft>ClearProperty(ShowViewSubMenu,home)</onleft>
				<onback>ClearProperty(ShowViewSubMenu,home)</onback>
				<onback>5000</onback>
                <onup>9000</onup>
                <ondown>9000</ondown>
                <orientation>vertical</orientation>
                <!--Buttons-->
						
               <control type="button" id="6053">
					<description>Sort by button</description>
					<include>SideBladeMenuButton</include>
					<label>$LOCALIZE[70030]</label>
					<label2>[B]$INFO[Container.SortMethod][/B]</label2>
					<visible>Control.IsEnabled(3)</visible>
					<onclick>SendClick(3)</onclick>
				</control>
				<control type="button" id="6052">
					<description>Sort asc</description>
					<include>SideBladeMenuButton</include>
					<label>$LOCALIZE[70031]</label>
					<label2>[B]$INFO[Container.SortOrder][/B]</label2>
					<visible>Control.IsEnabled(4)</visible>
					<onclick>SendClick(4)</onclick>
				</control>
				<control type="button" id="19">
					<visible>Container.CanFilter + !Container.CanFilterAdvanced</visible>
					<description>Filter</description>
					<!-- <textwidth>230</textwidth> -->
					<include>SideBladeMenuButton</include>
					<!-- <textoffsetx>50</textoffsetx> -->
					<!-- <textoffsety>13</textoffsety> -->
					<label>587</label>
					<onclick>right</onclick>
				</control>
				<control type="button" id="98">
					<visible>Container.CanFilterAdvanced</visible>
					<description>Filter</description>
					<include>SideBladeMenuButton</include>
					<label>587</label>
					<!-- <selected>Container.Filtered</selected> -->
					<onclick>right</onclick>
					<onclick>Filter</onclick>
				</control>
                <!-- <control type="button" id="8"> -->
                    <!--Button Search-->
                    <!-- <include>SideBladeMenuButton</include> -->
                    <!-- <label>137</label> -->
                <!-- </control> -->
				<control type="button" id="388">
                    <!--Button Search-->
                    <include>SideBladeMenuButton</include>
                    <label>137</label>
					<!-- <onclick>RunScript(script.skin.helper.service,action=VIDEOSEARCH)</onclick> -->
					<!-- <label>$LOCALIZE[70001]</label> -->
					<onclick condition="System.HasAddon(script.globalsearch)">RunScript(script.globalsearch)</onclick>
					<onclick condition="!System.HasAddon(script.globalsearch)">InstallAddon(script.globalsearch)</onclick>
					<visible>String.Contains(Container.FolderPath,musicdb)</visible>
                </control>
                <control type="button" id="4401">
                    <!--current playlist-->
                    <include>SideBladeMenuButton</include>
                    <label>13350</label>
					<onclick>ActivateWindow(musicplaylist)</onclick>
					<visible>!String.IsEqual(Playlist.Length(music),0)</visible>
                </control>
                <control type="radiobutton" id="16">
                    <!--Button Party Mode-->
                    <description>PartyMode</description>
                    <include>SideBladeMenuButton</include>
                    <label>589</label>
                </control>
                <control type="button" id="5">
                    <!--Button Files-->
                    <description>Files</description>
                    <include>SideBladeMenuButton</include>
                    <label>1214</label>
                    <onclick>SetFocus(50)</onclick>
                </control>
				<control type="togglebutton" id="20">
					<description>Update library</description>
					<include>SideBladeMenuButton</include>
					<label>653</label>
					<altlabel>13353</altlabel>
					<alttexturefocus border="5" colordiffuse="$INFO[Skin.String(ButtonFocusColor)]">colors/color_white.png</alttexturefocus>
					<alttexturenofocus></alttexturenofocus>
					<usealttexture>library.isscanningmusic</usealttexture>
				</control>
				<include>SideBladeViewCommands</include>
            </control>
        </control>
        <include condition="Skin.HasSetting(DebugGrid) | Skin.HasSetting(DebugInfo)">DebugInfo</include>
    </controls>
</window>