<window id="129">
    
	<defaultcontrol always="true">10</defaultcontrol>
    <controls>
		<!--Dialog Overlay-->
		<include>DialogOverlayExtra</include>

		
		<control type="group">
			<include>animation_window_open_close</include>
			<posx>470</posx>
            <posy>340</posy>
			<width>1020</width>
            <height>440</height>
			
			<control type="image">
                <!--Panel-->
                <posx>-40</posx>
                <posy>-40</posy>
                <width>1100</width>
                <height>520</height>
                <texture border="15">diffuse/bgpanel.png</texture>
				<colordiffuse>$INFO[Skin.String(GeneralPanelsColor)]</colordiffuse>
            </control>
			<control type="image">
                <!--Panel-->
                 <posx>-40</posx>
                <posy>-40</posy>
                <width>1100</width>
                <height>520</height>
				<bordersize>10</bordersize>
                <texture border="15">diffuse/bgpanel.png</texture>
				<colordiffuse>$INFO[Skin.String(GeneralPanelsColor)]</colordiffuse>
            </control>
			
			<control type="label" id="2">
				<description>Heading Label</description>
				<posx>10</posx>
				<posy>-2</posy>
				<width>500</width>
				<align>left</align>
				<include>DialogHeader</include>
			</control>
			<control type="label" id="3">
				<description>List Label</description>
				<posx>10</posx>
				<posy>35</posy>
				<width>500</width>
				<align>left</align>
				<include>DialogLabel</include>
			</control>
			<control type="list" id="10">
				<posx>10</posx>
				<posy>100</posy>
				<width>600</width>
				<height>240</height>
				<onup>9001</onup>
				<onleft>13</onleft>
				<onright>13</onright>
				<ondown>9001</ondown>
				<pagecontrol></pagecontrol>
				<scrolltime>200</scrolltime>
				<itemlayout height="65">
					<control type="button">
						<label></label>
						<width>600</width>
					</control>
					<control type="label">
						<posx>5</posx>
						<posy>0</posy>
						<width>600</width>
						<height>60</height>
						<aligny>center</aligny>
						<align>left</align>
						<info>ListItem.Label</info>
						<include>DialogListNF</include>
					</control>
				</itemlayout>
				<focusedlayout height="65">
					<control type="button">
						<label></label>
						<width>600</width>
					</control>
					<control type="label">
						<posx>5</posx>
						<posy>0</posy>
						<width>600</width>
						<height>60</height>
						<aligny>center</aligny>
						<align>left</align>
						<info>ListItem.Label</info>
						<include>DialogListNF</include>
					</control>
				</focusedlayout>
			</control>
			<control type="grouplist" id="9000">
				<posx>700</posx>
				<posy>35</posy>
				<orientation>vertical</orientation>
				<control type="button" id="11">
					<description>Change Set Button</description>
					<include>DialogButtonBrowseAdd</include>
					<width>300</width>
					<onup>14</onup>
					<onleft>10</onleft>
					<onright>10</onright>
					<ondown>9001</ondown>
				</control>
				<control type="button" id="13">
					<description>Add Button</description>
					<include>DialogButtonBrowseAdd</include>
					<width>300</width>
					<onup>14</onup>
					<label>15019</label>
					<onleft>10</onleft>
					<onright>10</onright>
					<ondown>9001</ondown>
				</control>
				<control type="button" id="14">
					<description>Remove Button</description>
					<include>DialogButtonBrowseAdd</include>
					<width>300</width>
					<label>1210</label>
					<onup>14</onup>
					<onleft>10</onleft>
					<onright>10</onright>
					<ondown>9001</ondown>
				</control>
			</control>
			<control type="group" id="9001">
				<control type="button" id="18">
					<description>Ok Button</description>
					<posx>10</posx>
					<posy>350</posy>
					<include>DialogButtonOther</include>
					<label>186</label>
					<onup>10</onup>
					<onleft>10</onleft>
					<onright>19</onright>
					<ondown>10</ondown>
				</control>
				<control type="button" id="19">
					<description>Cancel Button</description>
					<posx>370</posx>
					<posy>350</posy>
					<include>DialogButtonOther</include>
					<label>222</label>
					<onup>10</onup>
					<onleft>18</onleft>
					<onright>11</onright>
					<ondown>10</ondown>
				</control>
			</control>
		</control>
    </controls>
</window>