<?xml version="1.0" encoding="utf-8"?>
<!--Titan-->
<window>
    <defaultcontrol></defaultcontrol>
	
		<!-- <onload>ClearProperty(pvrGuideOnFullscreenVideo,home)</onload> -->
	
	<onload condition="Skin.HasSetting(DisableSubtitles) + VideoPlayer.SubtitlesEnabled">ShowSubtitles</onload>
    <onunload condition="![Player.HasVideo + VideoPlayer.Content(livetv)]">ClearProperty(pvrGuideOnFullscreenVideo,home)</onunload>
    <controls>
		<control type="image">
			<left>0</left>
			<top>300</top>
			<width>100%</width>
			<height>275</height>
			<texture border="5">diffuse/panel.png</texture>
			<colordiffuse>$INFO[Skin.String(OSDPanelColor)]</colordiffuse>
		</control>

		<!-- Aspect Ratio / Zoom Info Overlay -->
		<control type="group" id="0">
	
			<left>0</left>
			<top>300</top>
			<width>100%</width>
			<height>275</height>

			<!-- Row 1 label -->
			<control type="label" id="10">
				<left>20%</left>
				<top>20</top>
				<width>60%</width>
				<height>50</height>
				<font>Bold30</font>
				<textcolor>white</textcolor>
				<shadowcolor>black</shadowcolor>
				<label></label>
			</control>

			<!-- Row 2 label -->
			<control type="label" id="11">
				<left>20%</left>
				<top>110</top>
				<width>60%</width>
				<height>50</height>
				<font>Bold30</font>
				<textcolor>white</textcolor>
				<label></label>
			</control>

			<!-- Row 3 label -->
			<control type="label" id="12">
				<left>20%</left>
				<top>200</top>
				<width>60%</width>
				<height>50</height>
				<font>Bold30</font>
				<textcolor>white</textcolor>
				<label></label>
			</control>
		</control>

	<!-- Jump to Time Code Overlay -->
		<control type="group" id="1">
			<visible>!String.IsEmpty(Player.SeekNumeric) + !Window.IsVisible(VideoOSD) + !Window.IsVisible(numericinput)</visible>
			<animation type="Visible" condition="!Window.IsVisible(SeekBar)">
				<effect type="zoom" start="90" end="100" center="auto" tween="back" easing="out" time="200"/>
				<effect type="fade" start="0" end="100" time="200"/>
			</animation>
			<control type="label" id="1">
				<left>0</left>
				<top>0</top>
				<width>100%</width>
				<height>100%</height>
				<label>$INFO[Player.SeekNumeric(hh:mm:ss)]</label>
				<label2>$LOCALIZE[31806]</label2>
				<textcolor>$INFO[Skin.String(OSDPrimaryTextColor)]</textcolor>
                <shadowcolor>black</shadowcolor>
				<align>center</align>
				<font>WeatherTemp</font>
				<aligny>center</aligny>
				<visible>!Window.IsVisible(numericinput)</visible>
			</control>
			<control type="label" id="3">
				<left>0</left>
				<top>100</top>
				<width>100%</width>
				<height>100%</height>
				<label>$LOCALIZE[31806]</label>
				<visible>!Window.IsVisible(numericinput) + !String.IsEmpty(Player.SeekNumeric)</visible>
				<font>Reg48</font>
				<textcolor>$INFO[Skin.String(OSDPrimaryTextColor)]</textcolor>
                <shadowcolor>black</shadowcolor>
				<align>center</align>
			</control>
		</control>					

		
	<!-- Buffering Progress Overlay -->
		<control type="group" id="2">
			<visible>Player.Caching + Skin.HasSetting(EnableBufferingProgressOSD) + Integer.IsGreater(Player.CacheLevel,0)</visible>
			<animation delay="300" effect="fade" time="200">Visible</animation>
			<animation effect="fade" delay="200" time="150">Hidden</animation>
			<control type="image" id="22">
				<right>50</right>
				<top>710</top>
				<width>150</width>
				<height>150</height>
				<animation effect="fade" end="35" time="0" condition="true">Conditional</animation>
				<colordiffuse>$INFO[Skin.String(OSDPanelColor)]</colordiffuse>
				<texture>dialogs/buffer-progress/bottom-panel.png</texture>
			</control>
			<control type="image" id="23">
				<right>50</right>
				<top>710</top>
				<width>150</width>
				<height>150</height>
				<animation effect="fade" end="25" time="0" condition="true">Conditional</animation>
				<texture>dialogs/buffer-progress/p100.png</texture>
			</control>
 			<control type="image" id="24">
				<right>50</right>
				<top>710</top>
				<width>150</width>
				<height>150</height>
				<colordiffuse>$INFO[Skin.String(OSDButtonsFocusColor)]</colordiffuse>
				<texture>dialogs/buffer-progress/p$INFO[Player.CacheLevel].png</texture>
			</control>
			<control type="label" id="25">
				<description>buffering value</description>
				<label>$INFO[Player.CacheLevel]%</label>
				<right>50</right>
				<top>710</top>
				<width>150</width>
				<height>150</height>
				<aligny>center</aligny>
				<align>center</align>
				<font>Bold30</font>
				<textcolor>$INFO[Skin.String(OSDSecondaryTextColor)]</textcolor>
				<shadowcolor>$INFO[Skin.String(OSDSecondaryTextShadowColor)]</shadowcolor>
			</control>
			<control type="label" id="26">
				<description>buffering label</description>
				<label>$LOCALIZE[15107]</label>
				<right>48</right>
				<top>875</top>
				<width>150</width>
				<height>20</height>
				<aligny>center</aligny>
				<align>center</align>
				<font>Bold24</font>
				<textcolor>white</textcolor>
				<shadowcolor>black</shadowcolor>
			</control>
		</control>

		
    </controls>
</window>
