<?xml version="1.0" encoding="utf-8"?>
<includes>

    <include name="DialogContextMenuClassic">
		<control type="group">
			<animation effect="slide" start="0" end="0,210" time="0" condition="Window.IsActive(visualisation)">Conditional</animation>
			<animation type="WindowOpen">
				<effect type="slide" start="-600" end="30" time="600" tween="cubic" easing="inout" />
			</animation>
			<animation type="WindowClose">
				<effect type="slide" start="30" end="-600" time="250" tween="cubic" easing="inout" />
			</animation>
		
            <!-- <posx>30</posx> -->
            <bottom>10%</bottom>
            <height>800</height>
            <!--Panel-->
            <control type="image">
                <width>500</width>
                <height>800</height>
                <texture border="15">diffuse/bgpanel.png</texture>
                <bordersize>20</bordersize>
                <colordiffuse>$INFO[Skin.String(SideBladePanelColor)]</colordiffuse>
            </control>
            <!--Label Menu: -->
            <control type="label" id="200">
                <!--Label Menu-->
                <posx>21</posx>
                <posy>60</posy>
                <width>458</width>
                <align>left</align>
                <textoffsetx>50</textoffsetx>
                <font>Bold40</font>
                <textcolor>$INFO[Skin.String(SideBladeTextColor)]</textcolor>
                <label>$LOCALIZE[33061]:</label>
            </control>
            <control type="image">
                <!--Seperator-->
                <posx>21</posx>
                <posy>120</posy>
                <width>458</width>
                <height>20</height>
                <align>left</align>
                <texture>common/menu-separator.png</texture>
            </control>
            <control type="grouplist" id="996">
                <width></width>
                <posx>21</posx>
                <posy>140</posy>
                <height>630</height>
                <itemgap>3</itemgap>
				<onright>Dialog.Close(contextmenu)</onright>
                <!--Buttons-->
               <control type="button" id="1000">
                    <description>Buttons</description>
                    <include>SideBladeMenuButton</include>
                </control>
            </control>
        </control>
	</include>
		
	<include name="DialogContextMenuModern">
		<control type="group">
			<height>100%</height>
            <width>270</width>
			<animation effect="slide" start="0" end="0,210" time="0" condition="Window.IsActive(visualisation)">Conditional</animation>
			<animation type="WindowOpen">
				<effect type="slide" start="-660" end="0" time="250" tween="cubic" easing="inout" />
			</animation>
			<animation type="WindowClose">
				<effect type="slide" start="0" end="-660" time="250" tween="cubic" easing="inout" />
			</animation>
		<!--Panel-->
		<control type="image">
			<posy>-250</posy>
			<posx>-20</posx>
			<width>520</width>
			<height>1750</height>
			<texture border="5">diffuse/panel.png</texture>
			<colordiffuse>$INFO[Skin.String(SideBladePanelColor)]</colordiffuse>
			<aspectratio>stretch</aspectratio>
		</control>

		<!-- header -->
        <control type="label">
            <posx>61</posx>
            <posy>10</posy>
            <width min="80" max="1100">auto</width>
            <height>100</height>
            <font>Bold45</font>
            <align>left</align>
            <textcolor>$INFO[Skin.String(SideBladeTextColor)]</textcolor>
            <label>[UPPERCASE]$LOCALIZE[33061][/UPPERCASE]</label>
			<visible>!Window.IsActive(notification) + !Window.IsActive(extendedprogressdialog)</visible>
        </control>
            <!--Label Menu: -->
            <control type="image">
                <!--Seperator-->
                <posx>21</posx>
                <posy>160</posy>
                <width>458</width>
                <height>20</height>
                <align>left</align>
                <texture>common/menu-separator.png</texture>
            </control>
			<control type="image">
                <!--Seperator-->
                <posx>21</posx>
                <posy>980</posy>
                <width>458</width>
                <height>20</height>
                <align>left</align>
                <texture>common/menu-separator.png</texture>
            </control>
			<!-- close dialog -->
			<control type="group">
				<include>animation_fade_visible_hidden</include>
				<posx>60</posx>
                <posy>1005</posy>
				<include condition="Skin.HasSetting(EnableTouchSupport)">close_button</include>
			</control>
			
            <control type="grouplist" id="996">
                <width>458</width>
                <posx>21</posx>
                <posy>180</posy>
				<onright>Dialog.Close(contextmenu)</onright>
                <height>850</height>
                <itemgap>3</itemgap>
                <!--Buttons-->
                <control type="button" id="1000">
                    <description>Buttons</description>
                    <include>SideBladeMenuButton</include>
                </control>
            </control>
        </control>
	</include>	
	
	<include name="SideBladeModern">
		<posx>-660</posx>
		<posy>0</posy>
		<visible>!Window.IsActive(virtualkeyboard)</visible>
		<include>animation_sub_menu</include>
          <!-- invisible button to close sideblade -->
        <control type="button">
			<posx>0</posx>
			<posy>0</posy>
			<width>100%</width>
			<height>100%</height>
			<align>center</align>
			<aligny>center</aligny>
			<font>Light28</font>
			<label></label>
			<textcolor></textcolor>
			<focusedcolor></focusedcolor>
			<disabledcolor></disabledcolor>
			<texturefocus>colors/color_transparent.png</texturefocus>
			<texturenofocus></texturenofocus>
			<onclick>ClearProperty(ShowViewSubMenu,home)</onclick>
            <onback>ClearProperty(ShowViewSubMenu,home)</onback>
			<visible>Skin.HasSetting(EnableTouchSupport) + String.IsEqual(Window(Home).Property(ShowViewSubMenu),show)</visible>
		</control>
 		<!--Panel-->
        <control type="image">
			<posy>-250</posy>
			<posx>-20</posx>
			<width>520</width>
			<height>1750</height>
			<texture border="5">diffuse/panel.png</texture>
			<colordiffuse>$INFO[Skin.String(SideBladePanelColor)]</colordiffuse>
			<aspectratio>stretch</aspectratio>
		</control>

		<!-- header -->
        <control type="label">
            <posx>61</posx>
            <posy>10</posy>
            <width min="80" max="1100">auto</width>
            <height>100</height>
            <font>Bold45</font>
            <align>left</align>
            <textcolor>$INFO[Skin.String(SideBladeTextColor)]</textcolor>
            <label>[UPPERCASE]$LOCALIZE[33063][/UPPERCASE]</label>
			<visible>!Window.IsActive(notification) + !Window.IsActive(extendedprogressdialog)</visible>
        </control>
		<control type="image">
			<!--Seperator-->
			<posx>21</posx>
			<posy>160</posy>
			<width>458</width>
			<height>20</height>
			<align>left</align>
			<texture>common/menu-separator.png</texture>
		</control>
		<control type="image">
			<!--Seperator-->
			<posx>21</posx>
			<posy>980</posy>
			<width>458</width>
			<height>20</height>
			<align>left</align>
			<texture>common/menu-separator.png</texture>
		</control>
        <!-- close dialog -->
        <control type="group">
            <include>animation_fade_visible_hidden</include>
            <posx>60</posx>
			<posy>1005</posy>
            <include condition="Skin.HasSetting(EnableTouchSupport)">close_button</include>
        </control>
		<!-- back -->
        <control type="group">
            <include>animation_fade_visible_hidden</include>
            <posx>130</posx>
			<posy>1005</posy>
            <include condition="Skin.HasSetting(EnableTouchSupport)">back_button</include>
        </control>
	</include>
	
	<include name="SideBladeClassic">
		<posx>-635</posx>
		<posy>-15</posy>
		<visible>!Window.IsActive(virtualkeyboard)</visible>
		<include>animation_sub_menu</include>
		<!--Panel-->
		<control type="image">
			<posx>-19</posx>
			<posy>525</posy>
			<width>80</width>
			<height>60</height>
			<texture>dialogs/default/arrow.png</texture>
            <colordiffuse>$INFO[Skin.String(GeneralPanelsColor)]</colordiffuse>
		</control>
		<control type="image">
			<posy>150</posy>
			<width>500</width>
			<height>840</height>
            <bordersize>20</bordersize>
			<texture border="15">diffuse/bgpanel.png</texture>
            <colordiffuse>$INFO[Skin.String(SideBladePanelColor)]</colordiffuse>
		</control>
        <control type="button">
			<posy>150</posy>
			<width>500</width>
			<height>840</height>
			<description>Hidden button to prevent unwanted focus while hovering the menu</description>
            <visible allowhiddenfocus="true">false</visible>
		</control>
	</include>	
    
    <include name="SideBladeViewCommands">
         <control type="button" id="308">
			<!--Switch fullscreen-->
			<include>SideBladeMenuButton</include>
			<label>$LOCALIZE[244]</label>
			<onclick>fullscreen</onclick>
            <visible>Player.HasMedia</visible>
		</control>
         <control type="button" id="309">
			<!--Open Kodi favourites-->
			<include>SideBladeMenuButton</include>
			<label>$LOCALIZE[1036]</label>
			<onclick>ActivateWindow(favouritesbrowser)</onclick>
			<visible>!Window.IsActive(favouritesbrowser)</visible>
		</control>
        
        <!-- VIEW SETTINGS START HERE -->
        <control type="label" id="2001">
            <!--empty space-->
            <width>458</width>
            <height>5</height>
        </control>
        <control type="image" id="2002">
            <!--Seperator-->
            <width>458</width>
            <height>2</height>
            <texture>colors/color_white.png</texture>
            <colordiffuse>$INFO[Skin.String(SideBladeTextColor)]</colordiffuse>
        </control>
        <control type="label" id="14018">
            <!--Label Menu-->
            <textoffsetx>50</textoffsetx>
            <textcolor>$INFO[Skin.String(GeneralHighlightTextColor)]</textcolor>
            <include>SideBladeMenuButton</include>
            <label>$LOCALIZE[14018]:</label>
        </control>
                
        <control type="button" id="4403">
            <!--Set View new method-->
            <include>SideBladeMenuButton</include>
            <label>$LOCALIZE[31305]: $INFO[Container.Viewmode]</label>
            <onclick>RunScript(script.skin.helper.service,action=SETVIEW)</onclick>
            <!-- <onclick>ActivateWindow(busydialognocancel)</onclick> -->
            <visible>!Window.IsActive(tvguide)</visible>
        </control>
        <control type="radiobutton" id="3331">
            <!--show PVR live thumbs-->
            <include>SideBladeMenuButton</include>
            <label>$LOCALIZE[31566]</label>
            <selected>Skin.HasSetting(SkinHelper.EnablePVRThumbs)</selected>
            <onclick>Skin.ToggleSetting(SkinHelper.EnablePVRThumbs)</onclick>
            <visible>!Skin.HasSetting(KioskMode.Enabled)</visible>
            <visible>String.IsEqual(Window(Home).Property(contenttype),tvchannels) | String.IsEqual(Window(Home).Property(contenttype),tvrecordings)</visible>
        </control>
        <control type="radiobutton" id="341">
            <!--Show info-->
            <include>SideBladeMenuButton</include>
            <label>$LOCALIZE[36427]</label>
            <onclick>Skin.ToggleSetting(GuideShowInfo)</onclick>
            <selected>Skin.HasSetting(GuideShowInfo)</selected>
            <visible>Window.IsActive(tvguide)</visible>
            <visible>!Skin.HasSetting(KioskMode.Enabled)</visible>
        </control>
 		<control type="radiobutton" id="3010">
			<!--Show info-->
			<include>SideBladeMenuButton</include>
			<label>$LOCALIZE[36427]</label>
			<onclick condition="Control.IsVisible(507)">Skin.ToggleSetting(FanArtViewShowInfo)</onclick>
            <onclick condition="Control.IsVisible(524)">Skin.ToggleSetting(ShowCaseViewShowInfo)</onclick>
            <onclick condition="Control.IsVisible(52)">Skin.ToggleSetting(PanelViewShowInfo)</onclick>
            <onclick condition="Control.IsVisible(502)">Skin.ToggleSetting(LandscapeViewShowInfo)</onclick>
            <onclick condition="Control.IsVisible(503)">Skin.ToggleSetting(LogoViewShowInfo)</onclick>
            <onclick condition="Control.IsVisible(51)">Skin.ToggleSetting(BigListViewShowInfo)</onclick>
            <onclick condition="Control.IsVisible(516)">Skin.ToggleSetting(SlimListViewShowInfo)</onclick>
			<selected>
            [Control.IsVisible(507) + Skin.HasSetting(FanArtViewShowInfo)] |
            [Control.IsVisible(524) + Skin.HasSetting(ShowCaseViewShowInfo)] |
            [Control.IsVisible(52) + Skin.HasSetting(PanelViewShowInfo)] |
            [Control.IsVisible(502) + Skin.HasSetting(LandscapeViewShowInfo)] |
            [Control.IsVisible(503) + Skin.HasSetting(LogoViewShowInfo)] |
            [Control.IsVisible(51) + Skin.HasSetting(BigListViewShowInfo)] | 
            [Control.IsVisible(516) + Skin.HasSetting(SlimListViewShowInfo)]
            </selected>
			<visible>
            Control.IsVisible(507) | 
            Control.IsVisible(524) | 
            Control.IsVisible(52) | 
            Control.IsVisible(502) | 
            Control.IsVisible(503) | 
            Control.IsVisible(51) | 
            Control.IsVisible(516)
            </visible>
		</control>
        <!-- show info for poster row-->
        <control type="button" id="317491">
            <include>SideBladeMenuButton</include>
            <label>$LOCALIZE[31749]:</label>
            <label2>$INFO[Skin.String(View513_DisplayInfo.label)]</label2>
            <onclick>RunScript(script.skin.helper.service,action=setskinsetting,id=View_DisplayInfo,setting=View513_DisplayInfo,header=$LOCALIZE[31749])</onclick>
            <visible>Control.IsVisible(513)</visible>
        </control>
        <!-- show info for poster shift-->
        <control type="button" id="317492">
            <include>SideBladeMenuButton</include>
            <label>$LOCALIZE[31749]:</label>
            <label2>$INFO[Skin.String(View514_DisplayInfo.label)]</label2>
            <onclick>RunScript(script.skin.helper.service,action=setskinsetting,id=View_DisplayInfo,setting=View514_DisplayInfo,header=$LOCALIZE[31749])</onclick>
            <visible>Control.IsVisible(514)</visible>
        </control>
        
        <control type="radiobutton" id="3005">
			<!--show fanart thumb in details pane-->
			<include>SideBladeMenuButton</include>
			<label>$LOCALIZE[31114]</label>
            <onclick condition="Control.IsVisible(512)">Skin.ToggleSetting(View512_DetailsShowFanart)</onclick>
            <onclick condition="Control.IsVisible(510)">Skin.ToggleSetting(View510_DetailsShowFanart)</onclick>
            <onclick condition="Control.IsVisible(516)">Skin.ToggleSetting(View516_DetailsShowFanart)</onclick>
            <onclick condition="Control.IsVisible(505)">Skin.ToggleSetting(View505_DetailsShowFanart)</onclick>
            <onclick condition="Control.IsVisible(59)">Skin.ToggleSetting(View59_DetailsShowFanart)</onclick>
            <onclick condition="Control.IsVisible(55)">Skin.ToggleSetting(View55_DetailsShowFanart)</onclick>
            <onclick condition="Control.IsVisible(53)">Skin.ToggleSetting(View53_DetailsShowFanart)</onclick>
            <onclick condition="Control.IsVisible(51)">Skin.ToggleSetting(View51_DetailsShowFanart)</onclick>
            <onclick condition="Control.IsVisible(504)">Skin.ToggleSetting(View504_DetailsShowFanart)</onclick>
            <onclick condition="Control.IsVisible(523)">Skin.ToggleSetting(View523_DetailsShowFanart)</onclick>
			<selected>
            [Control.IsVisible(512) + Skin.HasSetting(View512_DetailsShowFanart)] |
            [Control.IsVisible(516) + Skin.HasSetting(View516_DetailsShowFanart)] |
            [Control.IsVisible(510) + Skin.HasSetting(View510_DetailsShowFanart)] |
            [Control.IsVisible(505) + Skin.HasSetting(View505_DetailsShowFanart)] |
            [Control.IsVisible(51) + Skin.HasSetting(View51_DetailsShowFanart)] |
            [Control.IsVisible(59) + Skin.HasSetting(View59_DetailsShowFanart)] |
            [Control.IsVisible(55) + Skin.HasSetting(View55_DetailsShowFanart)] |
            [Control.IsVisible(504) + Skin.HasSetting(View504_DetailsShowFanart)] |
            [Control.IsVisible(53) + Skin.HasSetting(View53_DetailsShowFanart)] | 
            [Control.IsVisible(523) + Skin.HasSetting(View523_DetailsShowFanart)]
            </selected>
            <visible>
            [Control.IsVisible(51) + Skin.HasSetting(BigListViewShowInfo)] |
            [Control.IsVisible(516) + Skin.HasSetting(SlimListViewShowInfo)] |
            Control.IsVisible(512) | Control.IsVisible(510) | Control.IsVisible(505) | 
            Control.IsVisible(59) | Control.IsVisible(55) | Control.IsVisible(504) |
            Control.IsVisible(53) | Control.IsVisible(523)
            </visible>
		</control>
        <control type="radiobutton" id="31793">
			<!--auto play trailer-->
			<visible>
            Control.IsVisible(512) | Control.IsVisible(516) | Control.IsVisible(510) | Control.IsVisible(505) |
            Control.IsVisible(51) | Control.IsVisible(59) | Control.IsVisible(55) | Control.IsVisible(504) | 
            Control.IsVisible(53) | Control.IsVisible(523) 
            </visible>
			<include>SideBladeMenuButton</include>
			<label>$LOCALIZE[31793]</label>
			<onclick>Skin.ToggleSetting(DetailsAutoTrailer)</onclick>
			<selected>Skin.HasSetting(DetailsAutoTrailer)</selected>
		</control>
        
        <control type="radiobutton" id="3006">
			<!--horizontal navigation ion landscape view-->
			<visible>Control.IsVisible(501)</visible>
			<include>SideBladeMenuButton</include>
			<label>$LOCALIZE[31635]</label>
			<onclick>Skin.ToggleSetting(View_501_HorizontalNavigation)</onclick>
            <onclick>ReloadSkin()</onclick>
			<selected>Skin.HasSetting(View_501_HorizontalNavigation)</selected>
		</control>

        <control type="button" id="3020">
			<!--Show tags-->
			<include>SideBladeMenuButton</include>
			<label>$LOCALIZE[20459]</label>
            <label2>$VAR[TagsVisibilityLabel]</label2>
            <onclick condition="Control.IsVisible(52)">RunScript(script.skin.helper.service,action=setskinsetting,setting=View52.Tags,header=$LOCALIZE[20459],id=Views_DisplayTags)</onclick>
            <onclick condition="Control.IsVisible(53)">RunScript(script.skin.helper.service,action=setskinsetting,setting=View53.Tags,header=$LOCALIZE[20459],id=Views_DisplayTags)</onclick>
            <onclick condition="Control.IsVisible(54)">RunScript(script.skin.helper.service,action=setskinsetting,setting=View54.Tags,header=$LOCALIZE[20459],id=Views_DisplayTags)</onclick>
            <onclick condition="Control.IsVisible(55)">RunScript(script.skin.helper.service,action=setskinsetting,setting=View55.Tags,header=$LOCALIZE[20459],id=Views_DisplayTags)</onclick>
            <onclick condition="Control.IsVisible(57)">RunScript(script.skin.helper.service,action=setskinsetting,setting=View57.Tags,header=$LOCALIZE[20459],id=Views_DisplayTags)</onclick>
            <onclick condition="Control.IsVisible(58)">RunScript(script.skin.helper.service,action=setskinsetting,setting=View58.Tags,header=$LOCALIZE[20459],id=Views_DisplayTags)</onclick>
            <onclick condition="Control.IsVisible(59)">RunScript(script.skin.helper.service,action=setskinsetting,setting=View59.Tags,header=$LOCALIZE[20459],id=Views_DisplayTags)</onclick>
            <onclick condition="Control.IsVisible(501)">RunScript(script.skin.helper.service,action=setskinsetting,setting=View501.Tags,header=$LOCALIZE[20459],id=Views_DisplayTags)</onclick>
            <onclick condition="Control.IsVisible(502)">RunScript(script.skin.helper.service,action=setskinsetting,setting=View502.Tags,header=$LOCALIZE[20459],id=Views_DisplayTags)</onclick>
            <onclick condition="Control.IsVisible(505)">RunScript(script.skin.helper.service,action=setskinsetting,setting=View505.Tags,header=$LOCALIZE[20459],id=Views_DisplayTags)</onclick>
            <onclick condition="Control.IsVisible(508)">RunScript(script.skin.helper.service,action=setskinsetting,setting=View508.Tags,header=$LOCALIZE[20459],id=Views_DisplayTags)</onclick>
            <onclick condition="Control.IsVisible(509)">RunScript(script.skin.helper.service,action=setskinsetting,setting=View509.Tags,header=$LOCALIZE[20459],id=Views_DisplayTags)</onclick>
            <onclick condition="Control.IsVisible(510)">RunScript(script.skin.helper.service,action=setskinsetting,setting=View510.Tags,header=$LOCALIZE[20459],id=Views_DisplayTags)</onclick>
            <onclick condition="Control.IsVisible(511)">RunScript(script.skin.helper.service,action=setskinsetting,setting=View511.Tags,header=$LOCALIZE[20459],id=Views_DisplayTags)</onclick>
            <onclick condition="Control.IsVisible(512)">RunScript(script.skin.helper.service,action=setskinsetting,setting=View512.Tags,header=$LOCALIZE[20459],id=Views_DisplayTags)</onclick>
            <onclick condition="Control.IsVisible(514)">RunScript(script.skin.helper.service,action=setskinsetting,setting=View514.Tags,header=$LOCALIZE[20459],id=Views_DisplayTags)</onclick>
            <onclick condition="Control.IsVisible(519)">RunScript(script.skin.helper.service,action=setskinsetting,setting=View519.Tags,header=$LOCALIZE[20459],id=Views_DisplayTags)</onclick>
            <onclick condition="Control.IsVisible(520)">RunScript(script.skin.helper.service,action=setskinsetting,setting=View520.Tags,header=$LOCALIZE[20459],id=Views_DisplayTags)</onclick>
            <onclick condition="Control.IsVisible(523)">RunScript(script.skin.helper.service,action=setskinsetting,setting=View523.Tags,header=$LOCALIZE[20459],id=Views_DisplayTags)</onclick>
			<visible>
            Control.IsVisible(52) | Control.IsVisible(53) | Control.IsVisible(54) | Control.IsVisible(55) | Control.IsVisible(57) |
            Control.IsVisible(58) | Control.IsVisible(59) | Control.IsVisible(501) | Control.IsVisible(502) | 
            Control.IsVisible(505) | Control.IsVisible(508) | Control.IsVisible(509) | Control.IsVisible(510) | Control.IsVisible(511) | 
            Control.IsVisible(512) | Control.IsVisible(514) | Control.IsVisible(519) | Control.IsVisible(520) | Control.IsVisible(523)
            </visible>
		</control>
	
         <control type="radiobutton" id="3045">
			<!--Show info right-->
			<include>SideBladeMenuButton</include>
			<label>$LOCALIZE[31599]</label>
			<onclick condition="Control.IsVisible(512)">Skin.ToggleSetting(View512_ShowInfoRight)</onclick>
            <onclick condition="Control.IsVisible(510)">Skin.ToggleSetting(View510_ShowInfoRight)</onclick>
            <onclick condition="Control.IsVisible(516)">Skin.ToggleSetting(View516_ShowInfoRight)</onclick>
            <onclick condition="Control.IsVisible(505)">Skin.ToggleSetting(View505_ShowInfoRight)</onclick>
            <onclick condition="Control.IsVisible(59)">Skin.ToggleSetting(View59_ShowInfoRight)</onclick>
            <onclick condition="Control.IsVisible(55)">Skin.ToggleSetting(View55_ShowInfoRight)</onclick>
            <onclick condition="Control.IsVisible(53)">Skin.ToggleSetting(View53_ShowInfoRight)</onclick>
            <onclick condition="Control.IsVisible(51)">Skin.ToggleSetting(View51_ShowInfoRight)</onclick>
            <onclick condition="Control.IsVisible(504)">Skin.ToggleSetting(View504_ShowInfoRight)</onclick>
			<selected>
            [Control.IsVisible(512) + Skin.HasSetting(View512_ShowInfoRight)] |
            [Control.IsVisible(516) + Skin.HasSetting(View516_ShowInfoRight)] |
            [Control.IsVisible(510) + Skin.HasSetting(View510_ShowInfoRight)] |
            [Control.IsVisible(505) + Skin.HasSetting(View505_ShowInfoRight)] |
            [Control.IsVisible(51) + Skin.HasSetting(View51_ShowInfoRight)] |
            [Control.IsVisible(59) + Skin.HasSetting(View59_ShowInfoRight)] |
            [Control.IsVisible(55) + Skin.HasSetting(View55_ShowInfoRight)] |
            [Control.IsVisible(504) + Skin.HasSetting(View504_ShowInfoRight)] |
            [Control.IsVisible(53) + Skin.HasSetting(View53_ShowInfoRight)]
            </selected>
			<visible>
            [Control.IsVisible(51) + Skin.HasSetting(BigListViewShowInfo)] |
            [Control.IsVisible(516) + Skin.HasSetting(SlimListViewShowInfo)] |
            Control.IsVisible(512) | Control.IsVisible(510) | Control.IsVisible(505) | 
            Control.IsVisible(59) | Control.IsVisible(55) | Control.IsVisible(504) |
            Control.IsVisible(53)
            </visible>
		</control>
        <control type="radiobutton" id="3046">
			<!--Use alternate aspect ratio for landscape-->
			<include>SideBladeMenuButton</include>
			<label>$LOCALIZE[31605]</label>
			<onclick>Skin.ToggleSetting(LandscapeAltAspectRatioAdvLauncher)</onclick>
			<selected>Skin.HasSetting(LandscapeAltAspectRatioAdvLauncher)</selected>
			<visible>[Control.IsVisible(501) | Control.IsVisible(502) | Control.IsVisible(505) | Control.IsVisible(511) | Control.IsVisible(512)] + String.Contains(Container.FolderPath,advanced.launcher)</visible>
		</control>
        <control type="radiobutton" id="31713">
			<!--swap poster in view-->
			<include>SideBladeMenuButton</include>
			<label>$LOCALIZE[31713]</label>
			<onclick>Skin.ToggleSetting(View504_SwapPoster)</onclick>
			<selected>Skin.HasSetting(View504_SwapPoster)</selected>
			<visible>Control.IsVisible(504) + Skin.HasSetting(View504_ShowInfoRight)</visible>
		</control>
 		<control type="radiobutton" id="3050">
			<!--Prefer ClearArt-->
			<include>SideBladeMenuButton</include>
			<label>$LOCALIZE[31447]</label>
			<onclick>Skin.ToggleSetting(LogoViewPreferClearArt)</onclick>
			<selected>Skin.HasSetting(LogoViewPreferClearArt)</selected>
			<visible>Control.IsVisible(503)</visible>
		</control>
		<control type="radiobutton" id="3051">
			<!--fixed position-->
			<include>SideBladeMenuButton</include>
			<label>$LOCALIZE[31511]</label>
			<onclick condition="Control.IsVisible(52)">Skin.ToggleSetting(View52_UseFixedLayout)</onclick>
            <onclick condition="Control.IsVisible(523)">Skin.ToggleSetting(View523_UseFixedLayout)</onclick>
			<selected>
            [Control.IsVisible(52) + Skin.HasSetting(View52_UseFixedLayout)] | 
            [Control.IsVisible(523) + Skin.HasSetting(View523_UseFixedLayout)]
            </selected>
			<visible>Control.IsVisible(52) | Control.IsVisible(523)</visible>
			<onclick>ReloadSkin</onclick>
            <onclick condition="Control.IsVisible(523)">Container.SetViewMode(523)</onclick>
            <onclick condition="Control.IsVisible(52)">Container.SetViewMode(52)</onclick>
		</control>
		<control type="radiobutton" id="3052">
			<!--Hide panel behind moviedetails-->
			<include>SideBladeMenuButton</include>
			<label>$LOCALIZE[31155]</label>
			<onclick>Skin.ToggleSetting(DetailsLeftHidepanel)</onclick>
			<selected>Skin.HasSetting(DetailsLeftHidepanel)</selected>
			<visible>Control.IsVisible(53) | Control.IsVisible(55) | Control.IsVisible(59) | Control.IsVisible(505) | Control.IsVisible(510) | Control.IsVisible(512)</visible>
		</control>
        <control type="radiobutton" id="3053">
			<!--Hide panel behind moviedetails-->
			<include>SideBladeMenuButton</include>
			<label>$LOCALIZE[31155]</label>
			<onclick>Skin.ToggleSetting(DetailsTopHidepanel)</onclick>
			<selected>Skin.HasSetting(DetailsTopHidepanel)</selected>
			<visible>[Skin.HasSetting(PanelViewShowInfo) + Control.IsVisible(52)] | [Skin.HasSetting(ShowCaseViewShowInfo) + Control.IsVisible(524)] | [Skin.HasSetting(LandscapeViewShowInfo) + Control.IsVisible(502)] | [Skin.HasSetting(LogoViewShowInfo) + Control.IsVisible(503)]</visible>
		</control>
        <control type="radiobutton" id="3054">
			<!--Hide panel behind pvr guide-->
			<include>SideBladeMenuButton</include>
			<label>$LOCALIZE[31155]</label>
			<onclick>Skin.ToggleSetting(PVRGuideHidepanel)</onclick>
			<selected>Skin.HasSetting(PVRGuideHidepanel)</selected>
			<visible>Window.IsActive(tvguide)</visible>
		</control>
        <control type="radiobutton" id="3055">
			<!--Hide panel behind pvr simple list-->
			<include>SideBladeMenuButton</include>
			<label>$LOCALIZE[31155]</label>
			<onclick>Skin.ToggleSetting(View109_Hidepanel)</onclick>
			<selected>Skin.HasSetting(View109_Hidepanel)</selected>
			<visible>String.Contains(Window.Property(xmlfile),pvr) + Control.IsVisible(109)</visible>
            <visible>!Window.IsActive(tvguide)</visible>
		</control>
        <control type="radiobutton" id="31719">
            <!--Enable info overlay-->
            <include>SideBladeMenuButton</include>
            <label>$LOCALIZE[31719]</label>
            <onclick>Skin.ToggleSetting(EnableInfoOverlay)</onclick>
            <selected>Skin.HasSetting(EnableInfoOverlay)</selected>
            <visible>[Container.Content(movies) | Container.Content(episodes)  | Container.Content(sets)]</visible>
			<visible>[Control.IsVisible(513) | Control.IsVisible(514)]</visible>
        </control>
        <control type="radiobutton" id="3059">
			<!--Show discart-->
			<include>SideBladeMenuButton</include>
			<label>$LOCALIZE[31200]</label>
            <onclick condition="Control.IsVisible(51)">Skin.ToggleSetting(View109_ShowCDart)</onclick>
            <onclick condition="Control.IsVisible(52)">Skin.ToggleSetting(View52_ShowCDart)</onclick>
            <onclick condition="Control.IsVisible(58)">Skin.ToggleSetting(View58_ShowCDart)</onclick>
            <onclick condition="Control.IsVisible(502)">Skin.ToggleSetting(View502_ShowCDart)</onclick>
			<onclick condition="Control.IsVisible(504)">Skin.ToggleSetting(View504_ShowCDart)</onclick>
            <onclick condition="Control.IsVisible(508)">Skin.ToggleSetting(View508_ShowCDart)</onclick>
            <onclick condition="Control.IsVisible(513)">Skin.ToggleSetting(View513_ShowCDart)</onclick>
            <onclick condition="Control.IsVisible(514)">Skin.ToggleSetting(View514_ShowCDart)</onclick>
            <onclick condition="Control.IsVisible(516)">Skin.ToggleSetting(View516_ShowCDart)</onclick>
            <onclick condition="Control.IsVisible(522)">Skin.ToggleSetting(View522_ShowCDart)</onclick>
            <onclick condition="Control.IsVisible(523)">Skin.ToggleSetting(View523_ShowCDart)</onclick>
            <onclick condition="Control.IsVisible(50)">Skin.ToggleSetting(View50_ShowCDart)</onclick>
			<selected>
            [Control.IsVisible(50) + Skin.HasSetting(View50_ShowCDart)] | 
            [Control.IsVisible(51) + Skin.HasSetting(View51_ShowCDart)] | 
            [Control.IsVisible(52) + Skin.HasSetting(View52_ShowCDart)] | 
            [Control.IsVisible(58) + Skin.HasSetting(View58_ShowCDart)] | 
            [Control.IsVisible(502) + Skin.HasSetting(View502_ShowCDart)] | 
            [Control.IsVisible(504) + Skin.HasSetting(View504_ShowCDart)] | 
            [Control.IsVisible(508) + Skin.HasSetting(View508_ShowCDart)] | 
            [Control.IsVisible(513) + Skin.HasSetting(View513_ShowCDart)] | 
            [Control.IsVisible(514) + Skin.HasSetting(View514_ShowCDart)] | 
            [Control.IsVisible(516) + Skin.HasSetting(View516_ShowCDart)] | 
            [Control.IsVisible(522) + Skin.HasSetting(View522_ShowCDart)] | 
            [Control.IsVisible(523) + Skin.HasSetting(View523_ShowCDart)]
            </selected>
			<visible>
            Control.IsVisible(504) | Control.IsVisible(58) | Control.IsVisible(508) | Control.IsVisible(522) | 
            Control.IsVisible(513) | Control.IsVisible(514) | Control.IsVisible(51) | Control.IsVisible(52) | 
            Control.IsVisible(502) | Control.IsVisible(523) | [Control.IsVisible(50) + Container.Content(movies)] |
            [Control.IsVisible(516) + [Container.Content(albums) | Container.Content(songs)] + !String.IsEmpty(ListItem.Album) + !String.IsEmpty(ListItem.Art(thumb))]
            </visible>
            <visible>!Control.IsVisible(88882) + !Control.IsVisible(88883)</visible>
		</control>

        <control type="radiobutton" id="3067">
			<!--Show large banners-->
			<include>SideBladeMenuButton</include>
			<label>$LOCALIZE[31598]</label>
			<onclick condition="Control.IsVisible(55)">Skin.ToggleSetting(View55_LargeBanners)</onclick>
            <onclick condition="Control.IsVisible(56)">Skin.ToggleSetting(View56_LargeBanners)</onclick>
			<selected>
            [Control.IsVisible(55) + Skin.HasSetting(View55_LargeBanners)] |
            [Control.IsVisible(56) + Skin.HasSetting(View56_LargeBanners)]
            </selected>
			<visible>Control.IsVisible(55) | Control.IsVisible(56)</visible>
		</control>
		<control type="radiobutton" id="3070">
			<!--animate discart-->
			<include>SideBladeMenuButton</include>
			<label>$LOCALIZE[31201]</label>
			<onclick>Skin.ToggleSetting(AnimateDiscArt)</onclick>
			<selected>Skin.HasSetting(AnimateDiscArt)</selected>
			<visible>
			[Control.IsVisible(51) + Skin.HasSetting(View51_ShowCDart)] | 
            [Control.IsVisible(52) + Skin.HasSetting(View52_ShowCDart)] | 
            [Control.IsVisible(58) + Skin.HasSetting(View58_ShowCDart)] | 
            [Control.IsVisible(504) + Skin.HasSetting(View504_ShowCDart)] | 
            [Control.IsVisible(508) + Skin.HasSetting(View508_ShowCDart)] | 
            [Control.IsVisible(513) + Skin.HasSetting(View513_ShowCDart)] | 
            [Control.IsVisible(514) + Skin.HasSetting(View514_ShowCDart)] | 
            [Control.IsVisible(522) + Skin.HasSetting(View522_ShowCDart)] | 
            [Control.IsVisible(523) + Skin.HasSetting(View523_ShowCDart)]
			</visible>
            <visible>!Control.IsVisible(88882) + !Control.IsVisible(88883)</visible>
		</control>
		<control type="radiobutton" id="3080">
			<!--Hide background panel-->
			<include>SideBladeMenuButton</include>
			<label>$LOCALIZE[31155]</label>
			<onclick condition="Control.IsVisible(50)">Skin.ToggleSetting(View50_HidePanel)</onclick>
            <onclick condition="Control.IsVisible(51)">Skin.ToggleSetting(View51_HidePanel)</onclick>
            <onclick condition="Control.IsVisible(504)">Skin.ToggleSetting(View504_HidePanel)</onclick>
            <onclick condition="Control.IsVisible(515)">Skin.ToggleSetting(View515_HidePanel)</onclick>
            <onclick condition="Control.IsVisible(516)">Skin.ToggleSetting(View516_HidePanel)</onclick>
            <onclick condition="Control.IsVisible(522)">Skin.ToggleSetting(View522_HidePanel)</onclick>
			<selected>
            [Control.IsVisible(50) + Skin.HasSetting(View50_HidePanel)] | 
            [Control.IsVisible(51) + Skin.HasSetting(View51_HidePanel)] | 
            [Control.IsVisible(504) + Skin.HasSetting(View504_HidePanel)] | 
            [Control.IsVisible(515) + Skin.HasSetting(View515_HidePanel)] | 
            [Control.IsVisible(516) + Skin.HasSetting(View516_HidePanel)] | 
            [Control.IsVisible(522) + Skin.HasSetting(View522_HidePanel)]
            </selected>
			<visible>Control.IsVisible(50) | Control.IsVisible(51) | Control.IsVisible(504) | 
            Control.IsVisible(515) | Control.IsVisible(516) | Control.IsVisible(522)</visible>
		</control>
        <control type="radiobutton" id="31811">
			<!--Hide panel behind poster -->
			<include>SideBladeMenuButton</include>
			<label>$LOCALIZE[31811]</label>
			<onclick>Skin.ToggleSetting(View_HidePosterPanel)</onclick>
			<selected>Skin.HasSetting(View_HidePosterPanel)</selected>
			<visible>Control.IsVisible(516)</visible>
		</control>
		
		<control type="radiobutton" id="3085">
			<!--use slim list-->
			<include>SideBladeMenuButton</include>
			<label>$LOCALIZE[31453]</label>
			<onclick condition="Control.IsVisible(51)">Skin.ToggleSetting(View51_UseSlimList)</onclick>
            <onclick condition="Control.IsVisible(504)">Skin.ToggleSetting(View504_UseSlimList)</onclick>
            <onclick condition="Control.IsVisible(515)">Skin.ToggleSetting(View515_UseSlimList)</onclick>
			<selected>
            [Control.IsVisible(51) + Skin.HasSetting(View51_UseSlimList)] |
            [Control.IsVisible(504) + Skin.HasSetting(View504_UseSlimList)] |
            [Control.IsVisible(515) + Skin.HasSetting(View515_UseSlimList)]
            </selected>
			<visible>Control.IsVisible(51) | Control.IsVisible(504) | Control.IsVisible(515)</visible>
			<visible>![Container.content(tvshows) + Skin.HasSetting(ListViewShowBanners)]</visible>
		</control>
		<control type="radiobutton" id="3087">
			<!--use banners for tv shows-->
			<include>SideBladeMenuButton</include>
			<label>$LOCALIZE[31454]</label>
            <onclick condition="Control.IsVisible(50)">Skin.ToggleSetting(View50_ShowBanners)</onclick>
            <onclick condition="Control.IsVisible(515)">Skin.ToggleSetting(View515_ShowBanners)</onclick>
			<selected>[Control.IsVisible(50) + Skin.HasSetting(View50_ShowBanners)] | [Control.IsVisible(515) + Skin.HasSetting(View515_ShowBanners)]</selected>
			<visible>Control.IsVisible(515) | Control.IsVisible(50)</visible>
			<visible>Container.content(tvshows)</visible>
		</control>
		
		<control type="radiobutton" id="19001">
			<!--Disable fanart-->
			<include>SideBladeMenuButton</include>
			<label>$LOCALIZE[31268]</label>
            <onclick condition="Control.IsVisible(109)">Skin.ToggleSetting(View109_DisableFanArt)</onclick>
            <onclick condition="Control.IsVisible(50)">Skin.ToggleSetting(View50_DisableFanArt)</onclick>
			<onclick condition="Control.IsVisible(51)">Skin.ToggleSetting(View51_DisableFanArt)</onclick>
            <onclick condition="Control.IsVisible(52)">Skin.ToggleSetting(View52_DisableFanArt)</onclick>
            <onclick condition="Control.IsVisible(53)">Skin.ToggleSetting(View53_DisableFanArt)</onclick>
            <onclick condition="Control.IsVisible(54)">Skin.ToggleSetting(View54_DisableFanArt)</onclick>
            <onclick condition="Control.IsVisible(55)">Skin.ToggleSetting(View55_DisableFanArt)</onclick>
            <onclick condition="Control.IsVisible(56)">Skin.ToggleSetting(View56_DisableFanArt)</onclick>
            <onclick condition="Control.IsVisible(57)">Skin.ToggleSetting(View57_DisableFanArt)</onclick>
            <onclick condition="Control.IsVisible(58)">Skin.ToggleSetting(View58_DisableFanArt)</onclick>
            <onclick condition="Control.IsVisible(59)">Skin.ToggleSetting(View59_DisableFanArt)</onclick>
            <onclick condition="Control.IsVisible(524)">Skin.ToggleSetting(View524_DisableFanArt)</onclick>
            <onclick condition="Control.IsVisible(501)">Skin.ToggleSetting(View501_DisableFanArt)</onclick>
            <onclick condition="Control.IsVisible(502)">Skin.ToggleSetting(View502_DisableFanArt)</onclick>
            <onclick condition="Control.IsVisible(505)">Skin.ToggleSetting(View505_DisableFanArt)</onclick>
            <onclick condition="Control.IsVisible(506)">Skin.ToggleSetting(View506_DisableFanArt)</onclick>
            <onclick condition="Control.IsVisible(507)">Skin.ToggleSetting(View507_DisableFanArt)</onclick>
            <onclick condition="Control.IsVisible(508)">Skin.ToggleSetting(View508_DisableFanArt)</onclick>
            <onclick condition="Control.IsVisible(509)">Skin.ToggleSetting(View509_DisableFanArt)</onclick>
            <onclick condition="Control.IsVisible(510)">Skin.ToggleSetting(View510_DisableFanArt)</onclick>
            <onclick condition="Control.IsVisible(511)">Skin.ToggleSetting(View511_DisableFanArt)</onclick>
            <onclick condition="Control.IsVisible(512)">Skin.ToggleSetting(View512_DisableFanArt)</onclick>
            <onclick condition="Control.IsVisible(513)">Skin.ToggleSetting(View513_DisableFanArt)</onclick>
            <onclick condition="Control.IsVisible(514)">Skin.ToggleSetting(View514_DisableFanArt)</onclick>
            <onclick condition="Control.IsVisible(515)">Skin.ToggleSetting(View515_DisableFanArt)</onclick>
			<selected>
            [Skin.HasSetting(View109_DisableFanArt) + Control.IsVisible(109)] |
            [Skin.HasSetting(View50_DisableFanArt) + Control.IsVisible(50)] |
            [Skin.HasSetting(View51_DisableFanArt) + Control.IsVisible(51)] |
            [Skin.HasSetting(View52_DisableFanArt) + Control.IsVisible(52)] |
            [Skin.HasSetting(View53_DisableFanArt) + Control.IsVisible(53)] |
            [Skin.HasSetting(View54_DisableFanArt) + Control.IsVisible(54)] |
            [Skin.HasSetting(View55_DisableFanArt) + Control.IsVisible(55)] |
            [Skin.HasSetting(View56_DisableFanArt) + Control.IsVisible(56)] |
            [Skin.HasSetting(View57_DisableFanArt) + Control.IsVisible(57)] |
            [Skin.HasSetting(View58_DisableFanArt) + Control.IsVisible(58)] |
            [Skin.HasSetting(View59_DisableFanArt) + Control.IsVisible(59)] |
            [Skin.HasSetting(View524_DisableFanArt) + Control.IsVisible(524)] |
            [Skin.HasSetting(View501_DisableFanArt) + Control.IsVisible(501)] |
            [Skin.HasSetting(View502_DisableFanArt) + Control.IsVisible(502)] |
            [Skin.HasSetting(View505_DisableFanArt) + Control.IsVisible(505)] |
            [Skin.HasSetting(View506_DisableFanArt) + Control.IsVisible(506)] |
            [Skin.HasSetting(View507_DisableFanArt) + Control.IsVisible(507)] |
            [Skin.HasSetting(View508_DisableFanArt) + Control.IsVisible(508)] |
            [Skin.HasSetting(View509_DisableFanArt) + Control.IsVisible(509)] |
            [Skin.HasSetting(View510_DisableFanArt) + Control.IsVisible(510)] |
            [Skin.HasSetting(View511_DisableFanArt) + Control.IsVisible(511)] |
            [Skin.HasSetting(View512_DisableFanArt) + Control.IsVisible(512)] |
            [Skin.HasSetting(View513_DisableFanArt) + Control.IsVisible(513)] |
            [Skin.HasSetting(View514_DisableFanArt) + Control.IsVisible(514)] |
            [Skin.HasSetting(View515_DisableFanArt) + Control.IsVisible(515)]
            </selected>
			<visible>Skin.HasSetting(ShowFanartBackground) + !String.IsEmpty(ListItem.Art(FanArt))</visible>
			<visible>
            Control.IsVisible(109) | Control.IsVisible(50) | Control.IsVisible(51) | 
            Control.IsVisible(52) | Control.IsVisible(53) | Control.IsVisible(54) | 
            Control.IsVisible(55) | Control.IsVisible(56) | Control.IsVisible(57) | 
            Control.IsVisible(58) | Control.IsVisible(59) | Control.IsVisible(524) | 
            Control.IsVisible(501) | Control.IsVisible(502) | Control.IsVisible(505) | 
            Control.IsVisible(506) | Control.IsVisible(507) | Control.IsVisible(508) | 
            Control.IsVisible(509) | Control.IsVisible(510) | Control.IsVisible(511) | 
            Control.IsVisible(512) | Control.IsVisible(513) | Control.IsVisible(514) | 
            Control.IsVisible(515)
            </visible>
		</control>
        <control type="radiobutton" id="19002">
			<!--Disable extra fanart-->
			<include>SideBladeMenuButton</include>
			<label>$LOCALIZE[31653]</label>
            <onclick condition="Control.IsVisible(109)">Skin.ToggleSetting(View109_DisableExtraFanArt)</onclick>
            <onclick condition="Control.IsVisible(50)">Skin.ToggleSetting(View50_DisableExtraFanArt)</onclick>
			<onclick condition="Control.IsVisible(51)">Skin.ToggleSetting(View51_DisableExtraFanArt)</onclick>
            <onclick condition="Control.IsVisible(52)">Skin.ToggleSetting(View52_DisableExtraFanArt)</onclick>
            <onclick condition="Control.IsVisible(53)">Skin.ToggleSetting(View53_DisableExtraFanArt)</onclick>
            <onclick condition="Control.IsVisible(54)">Skin.ToggleSetting(View54_DisableExtraFanArt)</onclick>
            <onclick condition="Control.IsVisible(55)">Skin.ToggleSetting(View55_DisableExtraFanArt)</onclick>
            <onclick condition="Control.IsVisible(56)">Skin.ToggleSetting(View56_DisableExtraFanArt)</onclick>
            <onclick condition="Control.IsVisible(57)">Skin.ToggleSetting(View57_DisableExtraFanArt)</onclick>
            <onclick condition="Control.IsVisible(58)">Skin.ToggleSetting(View58_DisableExtraFanArt)</onclick>
            <onclick condition="Control.IsVisible(59)">Skin.ToggleSetting(View59_DisableExtraFanArt)</onclick>
            <onclick condition="Control.IsVisible(524)">Skin.ToggleSetting(View524_DisableExtraFanArt)</onclick>
            <onclick condition="Control.IsVisible(501)">Skin.ToggleSetting(View501_DisableExtraFanArt)</onclick>
            <onclick condition="Control.IsVisible(502)">Skin.ToggleSetting(View502_DisableExtraFanArt)</onclick>
            <onclick condition="Control.IsVisible(505)">Skin.ToggleSetting(View505_DisableExtraFanArt)</onclick>
            <onclick condition="Control.IsVisible(506)">Skin.ToggleSetting(View506_DisableExtraFanArt)</onclick>
            <onclick condition="Control.IsVisible(507)">Skin.ToggleSetting(View507_DisableExtraFanArt)</onclick>
            <onclick condition="Control.IsVisible(508)">Skin.ToggleSetting(View508_DisableExtraFanArt)</onclick>
            <onclick condition="Control.IsVisible(509)">Skin.ToggleSetting(View509_DisableExtraFanArt)</onclick>
            <onclick condition="Control.IsVisible(510)">Skin.ToggleSetting(View510_DisableExtraFanArt)</onclick>
            <onclick condition="Control.IsVisible(511)">Skin.ToggleSetting(View511_DisableExtraFanArt)</onclick>
            <onclick condition="Control.IsVisible(512)">Skin.ToggleSetting(View512_DisableExtraFanArt)</onclick>
            <onclick condition="Control.IsVisible(513)">Skin.ToggleSetting(View513_DisableExtraFanArt)</onclick>
            <onclick condition="Control.IsVisible(514)">Skin.ToggleSetting(View514_DisableExtraFanArt)</onclick>
            <onclick condition="Control.IsVisible(515)">Skin.ToggleSetting(View515_DisableExtraFanArt)</onclick>
            <onclick condition="Control.IsVisible(523)">Skin.ToggleSetting(View523_DisableExtraFanArt)</onclick>
			<selected>
            [Skin.HasSetting(View109_DisableExtraFanArt) + Control.IsVisible(109)] |
            [Skin.HasSetting(View50_DisableExtraFanArt) + Control.IsVisible(50)] |
            [Skin.HasSetting(View51_DisableExtraFanArt) + Control.IsVisible(51)] |
            [Skin.HasSetting(View52_DisableExtraFanArt) + Control.IsVisible(52)] |
            [Skin.HasSetting(View53_DisableExtraFanArt) + Control.IsVisible(53)] |
            [Skin.HasSetting(View54_DisableExtraFanArt) + Control.IsVisible(54)] |
            [Skin.HasSetting(View55_DisableExtraFanArt) + Control.IsVisible(55)] |
            [Skin.HasSetting(View56_DisableExtraFanArt) + Control.IsVisible(56)] |
            [Skin.HasSetting(View57_DisableExtraFanArt) + Control.IsVisible(57)] |
            [Skin.HasSetting(View58_DisableExtraFanArt) + Control.IsVisible(58)] |
            [Skin.HasSetting(View59_DisableExtraFanArt) + Control.IsVisible(59)] |
            [Skin.HasSetting(View524_DisableExtraFanArt) + Control.IsVisible(524)] |
            [Skin.HasSetting(View501_DisableExtraFanArt) + Control.IsVisible(501)] |
            [Skin.HasSetting(View502_DisableExtraFanArt) + Control.IsVisible(502)] |
            [Skin.HasSetting(View505_DisableExtraFanArt) + Control.IsVisible(505)] |
            [Skin.HasSetting(View506_DisableExtraFanArt) + Control.IsVisible(506)] |
            [Skin.HasSetting(View507_DisableExtraFanArt) + Control.IsVisible(507)] |
            [Skin.HasSetting(View508_DisableExtraFanArt) + Control.IsVisible(508)] |
            [Skin.HasSetting(View509_DisableExtraFanArt) + Control.IsVisible(509)] |
            [Skin.HasSetting(View510_DisableExtraFanArt) + Control.IsVisible(510)] |
            [Skin.HasSetting(View511_DisableExtraFanArt) + Control.IsVisible(511)] |
            [Skin.HasSetting(View512_DisableExtraFanArt) + Control.IsVisible(512)] |
            [Skin.HasSetting(View513_DisableExtraFanArt) + Control.IsVisible(513)] |
            [Skin.HasSetting(View514_DisableExtraFanArt) + Control.IsVisible(514)] |
            [Skin.HasSetting(View515_DisableExtraFanArt) + Control.IsVisible(515)] |
            [Skin.HasSetting(View523_DisableExtraFanArt) + Control.IsVisible(523)]
            </selected>
			<visible>Skin.HasSetting(ShowFanartBackground) + [Skin.HasSetting(SkinHelper.EnableExtraFanart) | Skin.HasSetting(EnableNativeExtraFanart)] + !String.IsEmpty(ListItem.Art(FanArt))</visible>
			<visible>
            Control.IsVisible(109) | Control.IsVisible(50) | Control.IsVisible(51) | 
            Control.IsVisible(52) | Control.IsVisible(53) | Control.IsVisible(54) | 
            Control.IsVisible(55) | Control.IsVisible(56) | Control.IsVisible(57) | 
            Control.IsVisible(58) | Control.IsVisible(59) | Control.IsVisible(524) | 
            Control.IsVisible(501) | Control.IsVisible(502) | Control.IsVisible(505) | 
            Control.IsVisible(506) | Control.IsVisible(507) | Control.IsVisible(508) | 
            Control.IsVisible(509) | Control.IsVisible(510) | Control.IsVisible(511) | 
            Control.IsVisible(512) | Control.IsVisible(513) | Control.IsVisible(514) | 
            Control.IsVisible(515) | Control.IsVisible(523)
            </visible>
		</control>
        <control type="button" id="84403">
            <!--Open Skin settings-->
            <include>SideBladeMenuButton</include>
            <label>$LOCALIZE[20077]</label>
            <onclick>ClearProperty(ShowViewSubMenu,home)</onclick>
            <onclick>SetFocus(5000)</onclick>
            <onclick condition="!String.StartsWith(Window(Home).property(contenttype),tv)">SetProperty(SkinSettingSection,17,home)</onclick>
            <onclick condition="String.StartsWith(Window(Home).property(contenttype),tv)">SetProperty(SkinSettingSection,18,home)</onclick>
            <onclick>ActivateWindow(3016)</onclick>
            <visible>!Skin.HasSetting(KioskMode.Enabled)</visible>
        </control>

	</include>
    
    <include name="PVRsideblade">
	    <control type="group">
            <include condition="Skin.HasSetting(smallContextMenu)">SideBladeClassic</include>
			<include condition="!Skin.HasSetting(smallContextMenu)">SideBladeModern</include>
			<!-- hidden labels for pvr -->
			<control type="label" id="29">
				<description>Empty so we can pass the values up one level</description>
				<visible>False</visible>
			</control>
			<control type="label" id="30">
				<description>Empty so we can pass the values up one level</description>
				<visible>False</visible>
			</control>
			<control type="button" id="28">
				<label></label>
				<include>HiddenButton</include>
			</control>
			<control type="button" id="3">
			<description>Viewtype Toggle</description>
				<include>HiddenButton</include>
			</control>
			<control type="togglebutton" id="4">
			<description>Viewtype Toggle</description>
				<include>HiddenButton</include>
			</control>
			<control type="button" id="1099">
				<label></label>
				<include>HiddenButton</include>
			</control>
			<!--Grouplist 9000-->
            <control type="grouplist" id="9000">
                <posx>21</posx>
                <posy>185</posy>
                <width>458</width>
                <height>770</height>
                <itemgap>3</itemgap>
                <onleft>5000</onleft>
                <onright>5000</onright>
				<onright>ClearProperty(ShowViewSubMenu,home)</onright>
				<onleft>ClearProperty(ShowViewSubMenu,home)</onleft>
				<onback>ClearProperty(ShowViewSubMenu,home)</onback>
				<onback condition="![Skin.HasSetting(PVRGuideBackSideblade) + Window.IsActive(tvguide)]">5000</onback>
                <onup>9000</onup>
                <ondown>9000</ondown>
                <orientation>vertical</orientation>
                <!--Buttons-->
				<control type="button" id="6054">
					<description>Channel Groups</description>
					<left>0</left>
					<right>40</right>
					<textwidth>400</textwidth>
					<label>$LOCALIZE[70029]</label>
					<label2>[B]$INFO[Control.GetLabel(29)][/B]</label2>
					<include>SideBladeMenuButton</include>
					<onclick>SendClick(28)</onclick>
					<!-- <label/> -->
					<visible>Window.IsActive(tvchannels)</visible>
				</control>
				<control type="button" id="60541">
					<description>Channel Groups</description>
					<left>0</left>
					<right>40</right>
					<textwidth>400</textwidth>
					<label>$LOCALIZE[70029]</label>
					<label2>[B]$INFO[Control.GetLabel(30)][/B]</label2>
					<include>SideBladeMenuButton</include>
					<onclick>SendClick(28)</onclick>
					<!-- <label/> -->
					<visible>Window.IsActive(tvguide)</visible>
				</control>
				<control type="radiobutton" id="5">
					<description>Group recording items by folder structure</description>
					<left>0</left>
					<right>40</right>
					<textwidth>400</textwidth>
					<include>SideBladeMenuButton</include>
					<label>$LOCALIZE[19270]</label>
					<visible>Window.IsActive(TVRecordings) | Window.IsActive(RadioRecordings)</visible>
                    <visible>!Skin.HasSetting(KioskMode.Enabled)</visible>
				</control>
				<control type="button" id="400">
					<description>PVR Guide View</description>
					<left>0</left>
					<right>40</right>
					<textwidth>400</textwidth>
					<include>SideBladeMenuButton</include>
					<label>$LOCALIZE[31305]</label>
					<label2>[B]$INFO[Skin.String(GuideRows.label)][/B]</label2>
                    <onclick>RunScript(script.skin.helper.service,action=setskinsetting,setting=GuideRows,header=$LOCALIZE[31245])</onclick>
                    <visible>!Skin.HasSetting(KioskMode.Enabled)</visible>
                    <visible>Window.IsActive(tvguide)</visible>
				</control>				
				<!-- <control type="button" id="3"> -->
					<!-- <description>Sort by button</description> -->
					<!-- <include>SideBladeMenuButton</include> -->
					<!-- <label>$LOCALIZE[103]</label> -->
                    <!-- <visible>!Skin.HasSetting(KioskMode.Enabled)</visible> -->
				<!-- </control> -->
				<control type="button" id="6053">
					<description>Sort by button</description>
					<include>SideBladeMenuButton</include>
					<label>$LOCALIZE[70030]</label>
					<label2>[B]$INFO[Container.SortMethod][/B]</label2>
					<onclick>SendClick(3)</onclick>
                    <visible>!Skin.HasSetting(KioskMode.Enabled)</visible>
				</control>
				<control type="button" id="6055">
					<description>Sort asc</description>
					<include>SideBladeMenuButton</include>
					<!-- <alttexturefocus border="5" colordiffuse="$INFO[Skin.String(ButtonFocusColor)]">diffuse/panel.png</alttexturefocus> -->
					<!-- <alttexturenofocus></alttexturenofocus> -->
					<label>$LOCALIZE[70031]</label>
					<label2>[B]$INFO[Container.SortOrder][/B]</label2>
					<!-- <onclick>SendClick(4)</onclick> -->
					<onclick>Container.SetSortDirection</onclick>
                    <visible>!Skin.HasSetting(KioskMode.Enabled)</visible>
				</control>
                <control type="radiobutton" id="6">
					<description>Show hidden channels</description>
					<include>SideBladeMenuButton</include>
					<label>$LOCALIZE[19051]</label>
					<visible>Window.IsActive(TVChannels) | Window.IsActive(RadioChannels)</visible>
				</control>
				<control type="radiobutton" id="7">
					<description>Show deleted recordings</description>
					<include>SideBladeMenuButton</include>
					<label>$LOCALIZE[19184]</label>
					<visible>Window.IsActive(TVRecordings) | Window.IsActive(RadioRecordings)</visible>
				</control>
                <control type="radiobutton" id="8">  
                    <description>Hide disabled timers</description>  
                    <include>SideBladeMenuButton</include>  
                    <label>$LOCALIZE[19077]</label>  
                    <visible>Window.IsActive(TVTimers) | Window.IsActive(RadioTimers) | Window.IsActive(TVTimerRules) | Window.IsActive(RadioTimerRules)</visible>  
                </control>  
				<control type="button" id="10009">
					<description>Watched Toggle</description>
					<include>SideBladeMenuButton</include>
					<label>$LOCALIZE[20367]</label>
					<label2>[B]$INFO[Container.NumNonFolderItems][/B]</label2>
					<onclick>SendClick(10)</onclick>
					<visible>Window.IsActive(MyPVRRecordings.xml)</visible>
				</control>
  
				<!-- <control type="radiobutton" id="31"> -->
                    <!--filter-->
                    <!-- <include>SideBladeMenuButton</include> -->
                    <!-- <label>$LOCALIZE[587]</label> -->
					<!-- <selected>Container.Filtered</selected> -->
					<!-- <onclick>right</onclick> -->
					<!-- <visible>Window.IsActive(TVChannels) | Window.IsActive(RadioChannels)</visible> -->
                    <!-- <visible>!Skin.HasSetting(KioskMode.Enabled)</visible> -->
                <!-- </control> -->
				
				<control type="button" id="19">
					<visible>Container.CanFilter + !Container.CanFilterAdvanced</visible>
					<include>SideBladeMenuButton</include>
					<onclick>right</onclick>
					<label>$LOCALIZE[587]</label>
					<visible>Window.IsActive(TVChannels) | Window.IsActive(RadioChannels)</visible>
				</control>
				<control type="button" id="199">
					<visible>Container.CanFilterAdvanced</visible>
					<include>SideBladeMenuButton</include>
					<label>$LOCALIZE[587]</label>
					<onclick>right</onclick>
					<onclick>Filter</onclick>
					<visible>Window.IsActive(TVChannels) | Window.IsActive(RadioChannels)</visible>
				</control>
				
				<control type="image" id="998">
					<!--Seperator-->
					<width>458</width>
					<height>2</height>
					<texture>colors/color_white.png</texture>
					<colordiffuse>$INFO[Skin.String(SideBladeTextColor)]</colordiffuse>
				</control>
							
                <control type="button" id="100">
                    <!--Channels-->
                    <description>Channels</description>
                    <label>$LOCALIZE[19019]</label>
                    <include>SideBladeMenuButton</include>
					<onclick condition="Window.IsActive(TVChannels) | Window.IsActive(RadioChannels)">NextChannelGroup</onclick>
					<onclick condition="String.IsEmpty(Window.Property(IsRadio))">ActivateWindow(TVChannels)</onclick>
					<onclick condition="!String.IsEmpty(Window.Property(IsRadio))">ActivateWindow(RadioChannels)</onclick>
                </control>
                <control type="button" id="101">
					<description>TV Guide</description>
					<left>0</left>
					<top>80</top>
					<textwidth>400</textwidth>
					<include>SideBladeMenuButton</include>
					<label>$LOCALIZE[22020]</label>
					<onclick condition="Window.IsActive(TVGuide) | Window.IsActive(RadioGuide)">NextChannelGroup</onclick>
					<onclick condition="String.IsEmpty(Window.Property(IsRadio))">ActivateWindow(TVGuide)</onclick>
					<onclick condition="!String.IsEmpty(Window.Property(IsRadio))">ActivateWindow(RadioGuide)</onclick>
				</control>
				<control type="button" id="102">
					<description>Recordings</description>
					<left>0</left>
					<top>120</top>
					<textwidth>400</textwidth>
					<include>SideBladeMenuButton</include>
					<label>$LOCALIZE[19163]</label>
					<onclick condition="String.IsEmpty(Window.Property(IsRadio))">ActivateWindow(TVRecordings)</onclick>
					<onclick condition="!String.IsEmpty(Window.Property(IsRadio))">ActivateWindow(RadioRecordings)</onclick>
				</control>
				<control type="button" id="103">
					<description>Timers</description>
					<left>0</left>
					<top>160</top>
					<textwidth>400</textwidth>
					<include>SideBladeMenuButton</include>
					<label>$LOCALIZE[19040]</label>
					<onclick condition="String.IsEmpty(Window.Property(IsRadio))">ActivateWindow(TVTimers)</onclick>
					<onclick condition="!String.IsEmpty(Window.Property(IsRadio))">ActivateWindow(RadioTimers)</onclick>
				</control>
                <control type="button" id="105">
					<description>Timer Rules</description>
					<left>0</left>
					<top>160</top>
					<textwidth>400</textwidth>
					<include>SideBladeMenuButton</include>
					<label>$LOCALIZE[19138]</label>
					<onclick condition="String.IsEmpty(Window.Property(IsRadio))">ActivateWindow(TVTimerRules)</onclick>
					<onclick condition="!String.IsEmpty(Window.Property(IsRadio))">ActivateWindow(RadioTimerRules)</onclick>
				</control>
				<control type="button" id="104">
					<description>Search</description>
					<left>0</left>
					<top>200</top>
					<textwidth>400</textwidth>
					<include>SideBladeMenuButton</include>
					<label>$LOCALIZE[137]</label>
					<onclick condition="String.IsEmpty(Window.Property(IsRadio))">ActivateWindow(TVSearch)</onclick>
					<onclick condition="!String.IsEmpty(Window.Property(IsRadio))">ActivateWindow(RadioSearch)</onclick>
				</control>

                <include condition="!Skin.HasSetting(KioskMode.Enabled)">SideBladeViewCommands</include>
				
            </control>
        </control>
	</include>

    <include name="SideBladeMenuButton">
		<width>458</width>
		<align>left</align>
		<font>Reg26</font>
		<textcolor>$INFO[Skin.String(SideBladeTextColor)]</textcolor>
		<focusedcolor>$INFO[Skin.String(ButtonFocusTextColor)]</focusedcolor>
		<disabledcolor>77585858</disabledcolor>
		<invalidcolor>red</invalidcolor>
		<pulseonselect>false</pulseonselect>
		<texturefocus colordiffuse="$INFO[Skin.String(ButtonFocusColor)]" border="5">diffuse/panel.png</texturefocus>
        <texturenofocus></texturenofocus>
    </include>
    
    <include name="SideBladeMenuTabLeft">
        <!--Sub Menu Tab Left-->
        <control type="group">
			<visible>!Skin.HasSetting(KioskMode.Enabled) | [String.Contains(Window.Property(xmlfile),PVR) + Skin.HasSetting(KioskMode.Enabled)]</visible>
			<animation type="Conditional" condition="ControlGroup(9000).HasFocus()">
					<effect type="fade" start="100" end="0" time="100" />
				</animation>
				<animation type="Conditional" condition="!ControlGroup(9000).HasFocus()">
					<effect type="fade" start="0" end="100" time="400" delay="600" />
				</animation>
            <visible>
            [String.Contains(Window.Property(xmlfile), pvr) + [Control.IsVisible(109) | Control.IsVisible(11) | Control.IsVisible(12) | Control.IsVisible(13) | Control.IsVisible(14) | Control.IsVisible(15) | Control.IsVisible(17)]] | 
            Control.IsVisible(50) | Control.IsVisible(51) | Control.IsVisible(53) | Control.IsVisible(54) | Control.IsVisible(55) | Control.IsVisible(56) | 
            Control.IsVisible(57) | Control.IsVisible(59) | Control.IsVisible(504) | Control.IsVisible(505) | Control.IsVisible(509) | Control.IsVisible(510) | 
            Control.IsVisible(511) | Control.IsVisible(512) | Control.IsVisible(515) | Control.IsVisible(516) | Control.IsVisible(517) | Control.IsVisible(518) | 
            Control.IsVisible(521) | Control.IsVisible(522) | Window.IsActive(script-nextaired-tvguide.xml) | Window.IsActive(script-nextaired-tvguide2.xml) | 
            Window.IsActive(script-ExtendedInfo Script-VideoList.xml) | [Control.IsVisible(501) + !Skin.HasSetting(View_501_HorizontalNavigation)]
            </visible>
			<control type="button" id="99001">
				<posx>0</posx>
				<posy>470</posy>
				<width>32</width>
				<height>140</height>
				<align>center</align>
				<aligny>center</aligny>
				<label>[UPPERCASE]$LOCALIZE[33063][/UPPERCASE]</label>
				<textoffsetx>0</textoffsetx>
				<textoffsety>23</textoffsety>
				<angle>90</angle>
				<textwidth>140</textwidth>
				<font>Reg20</font>
				<textcolor>$INFO[Skin.String(GeneralTextColor)]</textcolor>
				<texturefocus colordiffuse="$INFO[Skin.String(ButtonFocusColor)]" border="15">diffuse/bgpanel_half.png</texturefocus>
				<texturenofocus colordiffuse="$INFO[Skin.String(GeneralPanelsColor)]" border="15">diffuse/bgpanel_half.png</texturenofocus>
				<onclick condition="!String.IsEqual(Window(Home).Property(ShowViewSubMenu),show)">SetProperty(ShowViewSubMenu,show,home)</onclick>
				<onclick condition="String.IsEqual(Window(Home).Property(ShowViewSubMenu),show)">ClearProperty(ShowViewSubMenu,home)</onclick>
				<animation effect="fade" start="100" end="80" time="0" condition="!Control.HasFocus(99001)">Conditional</animation>
			</control>
		</control>
    </include>
    
    <include name="SideBladeMenuTabTop">
        <!--Sub Menu Tab Top-->
        <control type="group">
			<visible>!Skin.HasSetting(KioskMode.Enabled)</visible>
			<!-- 883 = clearlogo top center in header, 888 (now 123451)= Profile Thumb Header -->
			<!-- <visible>!Control.IsVisible(883) + !Control.IsVisible(123451)</visible> -->
			<visible>!Control.IsVisible(883)</visible>
            <visible>
            Control.IsVisible(524) | Control.IsVisible(52) | [Control.IsVisible(501) + Skin.HasSetting(View_501_HorizontalNavigation)] | 
            Control.IsVisible(502) | Control.IsVisible(503) | Control.IsVisible(506) | Control.IsVisible(58) | Control.IsVisible(507) | 
            Control.IsVisible(508) | Control.IsVisible(513) | Control.IsVisible(514) | Control.IsVisible(523)
            </visible>
			<control type="button" id="99002">
				<posx>890</posx>
				<posy>0</posy>
				<width>140</width>
				<height>32</height>
				<align>center</align>
				<aligny>center</aligny>
				<label>[UPPERCASE]$LOCALIZE[33063][/UPPERCASE]</label>
				<textoffsetx>0</textoffsetx>
				<textwidth>140</textwidth>
				<font>Reg20</font>
				<textcolor>$INFO[Skin.String(GeneralTextColor)]</textcolor>
				<texturefocus colordiffuse="$INFO[Skin.String(ButtonFocusColor)]" border="15">diffuse/bgpanel_halftop.png</texturefocus>
				<texturenofocus colordiffuse="$INFO[Skin.String(GeneralPanelsColor)]" border="15">diffuse/bgpanel_halftop.png</texturenofocus>
				<onclick condition="!String.IsEqual(Window(Home).Property(ShowViewSubMenu),show)">SetProperty(ShowViewSubMenu,show,home)</onclick>
				<onclick condition="String.IsEqual(Window(Home).Property(ShowViewSubMenu),show)">ClearProperty(ShowViewSubMenu,home)</onclick>
				<animation effect="fade" start="100" end="80" time="0" condition="!Control.HasFocus(99002)">Conditional</animation>
			</control>
		</control>
    </include>

</includes>
