<?xml version="1.0" encoding="utf-8"?>
<!--Titan-->
<window>
    <defaultcontrol always="true">3</defaultcontrol>
	 <coordinates>
		<system>1</system>
		<left>0</left>
		<top>0</top>
	</coordinates>
    <!--Normal "1" over DialogVideoInfo.xml-->
    <controls>
		<!-- <include>DialogOverlayExtra</include> -->
		<include condition="![Window.IsActive(gamesaves) | Window.IsActive(gamestretchmode) | Window.IsActive(gamevideofilter) | Window.IsActive(gamevideorotation) | Window.IsActive(ingamesaves)]">DefaultDialogSelectLayout</include>
		<include condition="Window.IsActive(gamesaves)">GameDialogSelectSaveLayout</include>
		<include condition="Window.IsActive(gamevideofilter)">GameDialogSelectFilterLayout</include>
		<include condition="Window.IsActive(gamestretchmode)">GameDialogSelectViewLayout</include>
		<include condition="Window.IsActive(gamevideorotation)">GameDialogSelectViewLayout</include>
		<include condition="Window.IsActive(ingamesaves)">GameDialogSelectSaveInGameLayout</include> 
		<!-- <include>DialogOverlayExtra</include> -->
    </controls>
</window>