<?xml version="1.0" encoding="utf-8"?>
<!--Titan-->
<window>
    <defaultcontrol always="true">5000</defaultcontrol>
    <include>allViewIds</include>
	
	<onunload>ClearProperty(ShowViewSubMenu,home)</onunload>
    <controls>
        <!-- Video Background -->
        <include>GlobalBackground</include>
		<!--Header-->
        <include>Header</include>
 
		<!--NowPlaying-->
		<include>NowPlayingModern</include>

		<!-- all Views -->
        <include>allViews</include>
		
        <!--Sub Menu Tab Left-->
        <include condition="!Skin.HasSetting(DisableSideBladeIndicator)">SideBladeMenuTabLeft</include>
        <!--Sub Menu-->
        <control type="group">
            <include condition="Skin.HasSetting(smallContextMenu)">SideBladeClassic</include>
			<include condition="!Skin.HasSetting(smallContextMenu)">SideBladeModern</include>
           <!--Grouplist 9000-->
            <control type="grouplist" id="9000">
                <posx>21</posx>
                <posy>185</posy>
                <width>458</width>
                <height>770</height>
                <itemgap>3</itemgap>
                <onleft>5000</onleft>
                <onright>5000</onright>
				<visible>!Skin.HasSetting(KioskMode.Enabled)</visible>
				<onright>ClearProperty(ShowViewSubMenu,home)</onright>
				<onleft>ClearProperty(ShowViewSubMenu,home)</onleft>
				<onback>ClearProperty(ShowViewSubMenu,home)</onback>
				<onback>5000</onback>
                <onup>9000</onup>
                <ondown>9000</ondown>
                <orientation>vertical</orientation>
                <!--Buttons-->
                <control type="button" id="3">
                    <!--Button Sort-->
                    <include>SideBladeMenuButton</include>
                    <align>left</align>
                </control>
                <control type="togglebutton" id="4">
                    <!--Ascending-->
                    <label>$LOCALIZE[584]</label>
                    <altlabel>$LOCALIZE[585]</altlabel>
                    <include>SideBladeMenuButton</include>
                    <align>left</align>
                </control>
                <control type="radiobutton" id="20">
                    <!--Shuffle-->
                    <label>$LOCALIZE[191]</label>
                    <include>SideBladeMenuButton</include>
                    <align>left</align>
                </control>
                <control type="button" id="21">
                    <!--Save-->
                    <label>$LOCALIZE[190]</label>
                    <include>SideBladeMenuButton</include>
                    <align>left</align>
                </control>
                <control type="button" id="22">
                    <!--Clear-->
                    <label>$LOCALIZE[192]</label>
                    <include>SideBladeMenuButton</include>
                    <align>left</align>
                </control>
                <control type="button" id="23">
                    <!--Play-->
                    <label>$LOCALIZE[208]</label>
                    <include>SideBladeMenuButton</include>
                    <align>left</align>
                </control>
				<control type="image" id="6201">
                    <!--Seperator-->
                    <width>458</width>
                    <height>10</height>
                    <align>left</align>
                    <texture>common/menu-separator.png</texture>
                </control>
							
				<include>SideBladeViewCommands</include>
            </control>
        </control>
        <include condition="Skin.HasSetting(DebugGrid) | Skin.HasSetting(DebugInfo)">DebugInfo</include>
    </controls>
</window>